"Date","oxygen","temperature","POSEairTdaily","POSEraindaily"
2016-02-01,NA,NA,NA,NA
2016-02-02,NA,NA,NA,NA
2016-02-03,NA,NA,NA,NA
2016-02-04,NA,NA,NA,NA
2016-02-05,NA,NA,NA,NA
2016-02-06,NA,NA,NA,NA
2016-02-07,NA,NA,NA,NA
2016-02-08,NA,NA,NA,NA
2016-02-09,NA,NA,NA,NA
2016-02-10,NA,NA,NA,NA
2016-02-11,NA,NA,NA,NA
2016-02-12,NA,NA,NA,NA
2016-02-13,NA,NA,NA,NA
2016-02-14,NA,NA,NA,NA
2016-02-15,NA,NA,NA,NA
2016-02-16,NA,NA,NA,NA
2016-02-17,NA,NA,NA,NA
2016-02-18,NA,NA,NA,NA
2016-02-19,NA,NA,NA,NA
2016-02-20,NA,NA,NA,NA
2016-02-21,NA,NA,NA,NA
2016-02-22,NA,NA,NA,NA
2016-02-23,NA,NA,NA,NA
2016-02-24,NA,NA,NA,NA
2016-02-25,NA,NA,NA,NA
2016-02-26,NA,NA,NA,NA
2016-02-27,NA,NA,NA,NA
2016-02-28,NA,NA,NA,NA
2016-02-29,NA,NA,NA,NA
2016-03-01,NA,NA,NA,NA
2016-03-02,NA,NA,NA,NA
2016-03-03,NA,NA,NA,NA
2016-03-04,NA,NA,1.4443,NA
2016-03-05,NA,NA,4.38998,NA
2016-03-06,NA,NA,3.55272291666667,NA
2016-03-07,NA,NA,6.15276458333333,NA
2016-03-08,NA,NA,9.251665625,NA
2016-03-09,NA,NA,NA,NA
2016-03-10,NA,NA,NA,NA
2016-03-11,NA,NA,NA,NA
2016-03-12,NA,NA,NA,NA
2016-03-13,NA,NA,NA,NA
2016-03-14,NA,NA,NA,NA
2016-03-15,NA,NA,NA,NA
2016-03-16,NA,NA,NA,NA
2016-03-17,NA,NA,15.6419857142857,NA
2016-03-18,NA,NA,8.50369523809524,NA
2016-03-19,NA,NA,NA,NA
2016-03-20,NA,NA,NA,NA
2016-03-21,NA,NA,NA,NA
2016-03-22,NA,NA,NA,NA
2016-03-23,NA,NA,NA,NA
2016-03-24,NA,NA,14.5378893617021,NA
2016-03-25,NA,NA,17.7849416666667,NA
2016-03-26,NA,NA,7.71211666666667,NA
2016-03-27,NA,NA,10.2772354166667,NA
2016-03-28,NA,NA,12.1641895833333,NA
2016-03-29,NA,NA,10.3575604166667,NA
2016-03-30,NA,NA,7.59401458333333,NA
2016-03-31,NA,NA,15.4295333333333,NA
2016-04-01,NA,NA,20.49204375,NA
2016-04-02,NA,NA,13.65450625,NA
2016-04-03,NA,NA,5.68258541666667,NA
2016-04-04,NA,NA,13.6056354166667,NA
2016-04-05,NA,NA,3.49021458333333,NA
2016-04-06,NA,NA,3.94821458333333,NA
2016-04-07,NA,NA,10.44373125,NA
2016-04-08,NA,NA,6.59263541666667,NA
2016-04-09,NA,NA,3.44973125,NA
2016-04-10,NA,NA,2.22021041666667,NA
2016-04-11,NA,NA,12.5071125,NA
2016-04-12,NA,NA,15.82454375,NA
2016-04-13,NA,NA,6.83433541666667,NA
2016-04-14,NA,NA,9.10032291666667,NA
2016-04-15,NA,NA,10.9208833333333,NA
2016-04-16,NA,NA,12.1067958333333,NA
2016-04-17,NA,NA,14.2964520833333,NA
2016-04-18,NA,NA,17.3863520833333,NA
2016-04-19,NA,NA,18.1664729166667,NA
2016-04-20,NA,NA,14.7272125,NA
2016-04-21,NA,NA,15.7273666666667,NA
2016-04-22,NA,NA,18.15510625,NA
2016-04-23,NA,NA,15.2046958333333,NA
2016-04-24,NA,NA,11.5998020833333,NA
2016-04-25,NA,NA,16.6432479166667,NA
2016-04-26,NA,NA,20.3964229166667,NA
2016-04-27,NA,NA,15.5795583333333,NA
2016-04-28,NA,NA,11.993475,NA
2016-04-29,NA,NA,9.39959166666667,NA
2016-04-30,NA,NA,11.1731958333333,NA
2016-05-01,NA,NA,12.0563145833333,NA
2016-05-02,NA,NA,17.4139770833333,NA
2016-05-03,NA,NA,16.5229729166667,NA
2016-05-04,NA,NA,13.2356375,NA
2016-05-05,NA,NA,10.4065604166667,NA
2016-05-06,NA,NA,9.87067708333333,NA
2016-05-07,NA,NA,11.37235,NA
2016-05-08,NA,NA,15.0531291666667,NA
2016-05-09,NA,NA,11.4630833333333,NA
2016-05-10,NA,NA,13.45745,NA
2016-05-11,NA,NA,13.5784229166667,NA
2016-05-12,NA,NA,15.128575,NA
2016-05-13,NA,NA,17.71976875,NA
2016-05-14,NA,NA,13.4750854166667,0
2016-05-15,NA,NA,9.7227375,0
2016-05-16,NA,NA,10.0780375,0
2016-05-17,NA,NA,10.5075,0
2016-05-18,NA,NA,10.8128916666667,0
2016-05-19,NA,NA,13.346525,0
2016-05-20,NA,NA,14.2804208333333,0
2016-05-21,NA,NA,12.56686875,0
2016-05-22,NA,NA,10.934175,0
2016-05-23,NA,NA,14.2974125,0
2016-05-24,NA,NA,17.2247229166667,0
2016-05-25,NA,NA,18.9022229166667,0
2016-05-26,NA,NA,20.4767666666667,0
2016-05-27,NA,NA,22.21178125,0
2016-05-28,NA,NA,22.5227791666667,0
2016-05-29,NA,NA,21.0411229166667,0
2016-05-30,NA,NA,20.9873895833333,0
2016-05-31,NA,NA,21.8448895833333,0
2016-06-01,NA,NA,21.3886875,0
2016-06-02,NA,NA,21.6815833333333,0
2016-06-03,NA,NA,21.6312854166667,0
2016-06-04,NA,NA,22.17518125,0
2016-06-05,NA,NA,21.2043270833333,0
2016-06-06,NA,NA,21.2297770833333,0
2016-06-07,NA,NA,20.6129,0
2016-06-08,NA,NA,16.718825,0
2016-06-09,NA,NA,16.9378625,0
2016-06-10,NA,NA,18.2778666666667,0
2016-06-11,NA,NA,22.877525,0
2016-06-12,NA,NA,25.4623354166667,0
2016-06-13,NA,NA,19.2503604166667,0
2016-06-14,NA,NA,17.03405,0
2016-06-15,NA,NA,NA,0
2016-06-16,NA,NA,25.617715,0
2016-06-17,NA,NA,18.27741,0
2016-06-18,NA,NA,NA,0
2016-06-19,NA,NA,NA,0
2016-06-20,NA,NA,NA,0
2016-06-21,NA,NA,22.3241222222222,0
2016-06-22,NA,NA,20.82234375,0
2016-06-23,NA,NA,19.709485106383,0
2016-06-24,NA,NA,20.7817041666667,0
2016-06-25,NA,NA,20.9642958333333,0
2016-06-26,NA,NA,21.2035104166667,0
2016-06-27,NA,NA,21.3841583333333,0
2016-06-28,NA,NA,22.2302770833333,0
2016-06-29,NA,NA,19.778525,0
2016-06-30,NA,NA,18.1378354166667,0
2016-07-01,NA,NA,20.9185395833333,0
2016-07-02,NA,NA,19.2097770833333,0
2016-07-03,NA,NA,17.8263833333333,0
2016-07-04,NA,NA,18.5174958333333,0
2016-07-05,NA,NA,22.30810625,0
2016-07-06,NA,NA,23.4509958333333,0
2016-07-07,NA,NA,23.3487145833333,0
2016-07-08,NA,NA,22.83955625,0
2016-07-09,NA,NA,22.8254270833333,0
2016-07-10,NA,NA,21.040275,0
2016-07-11,NA,NA,20.3028604166667,0
2016-07-12,NA,NA,22.5766729166667,0
2016-07-13,NA,NA,24.2046916666667,0
2016-07-14,NA,NA,24.6861291666667,0
2016-07-15,NA,NA,23.2167354166667,0
2016-07-16,NA,NA,21.6563645833333,0
2016-07-17,NA,NA,21.398375,0
2016-07-18,NA,NA,22.5077708333333,0
2016-07-19,NA,NA,22.1008666666667,0
2016-07-20,NA,NA,20.8220729166667,0
2016-07-21,NA,NA,20.5437083333333,0
2016-07-22,NA,NA,23.0139541666667,0
2016-07-23,NA,NA,24.5789291666667,0
2016-07-24,NA,NA,24.8863375,0
2016-07-25,NA,NA,25.7518875,0
2016-07-26,NA,NA,24.891675,0
2016-07-27,NA,NA,24.3299729166667,0
2016-07-28,NA,NA,22.3923958333333,0
2016-07-29,NA,NA,21.8536791666667,0
2016-07-30,NA,NA,22.534525,0
2016-07-31,NA,NA,22.2859145833333,0
2016-08-01,NA,NA,22.5602791666667,0
2016-08-02,NA,NA,22.536825,0
2016-08-03,NA,NA,21.8687083333333,0
2016-08-04,NA,NA,21.4717833333333,0
2016-08-05,NA,NA,21.6212666666667,0
2016-08-06,NA,NA,23.1908,0
2016-08-07,NA,NA,20.5283708333333,0
2016-08-08,NA,NA,19.5764645833333,0
2016-08-09,NA,NA,19.474625,0
2016-08-10,NA,NA,23.9438659574468,0
2016-08-11,NA,NA,NA,0
2016-08-12,NA,NA,NA,0
2016-08-13,NA,NA,NA,0
2016-08-14,NA,NA,NA,0
2016-08-15,NA,NA,25.0243636363636,0
2016-08-16,NA,NA,23.3651041666667,0
2016-08-17,NA,NA,23.8906645833333,0
2016-08-18,NA,NA,22.1184604166667,0
2016-08-19,NA,NA,21.64490625,0
2016-08-20,NA,NA,22.28444375,0
2016-08-21,NA,NA,22.6968958333333,0
2016-08-22,NA,NA,18.53740625,0
2016-08-23,NA,NA,18.0436229166667,0
2016-08-24,NA,NA,21.04170625,0
2016-08-25,NA,NA,22.7809854166667,0
2016-08-26,NA,NA,24.00488125,0
2016-08-27,NA,NA,23.0256291666667,0
2016-08-28,NA,NA,22.77295625,0
2016-08-29,NA,NA,22.2140375,0
2016-08-30,NA,NA,21.3276666666667,0
2016-08-31,NA,NA,22.4571,0
2016-09-01,NA,NA,21.1759291666667,0
2016-09-02,NA,NA,17.6748666666667,0
2016-09-03,NA,NA,17.1302125,0
2016-09-04,NA,NA,18.1369125,0
2016-09-05,NA,NA,17.2626020833333,0
2016-09-06,NA,NA,19.7732145833333,0
2016-09-07,NA,NA,21.7886833333333,0
2016-09-08,NA,NA,23.1794520833333,0
2016-09-09,NA,NA,23.4237125,0
2016-09-10,NA,NA,24.565375,0
2016-09-11,NA,NA,22.8290875,0
2016-09-12,NA,NA,17.3775166666667,0
2016-09-13,NA,NA,21.3652729166667,0
2016-09-14,NA,20.15129167,21.73170625,0
2016-09-15,NA,18.90114583,18.9661104166667,0
2016-09-16,NA,18.47060417,18.6988416666667,0
2016-09-17,NA,18.7035625,20.3239708333333,0
2016-09-18,NA,19.8271875,21.6050458333333,0
2016-09-19,NA,19.94604167,20.3771645833333,0
2016-09-20,NA,19.51416667,19.8354208333333,0
2016-09-21,NA,19.1438125,19.0317583333333,0
2016-09-22,NA,18.802,18.6371270833333,0
2016-09-23,NA,18.29697917,18.62623125,0
2016-09-24,NA,18.88725,19.2931979166667,0
2016-09-25,NA,17.0175625,15.2912375,0
2016-09-26,NA,16.19489583,15.8537875,0
2016-09-27,NA,NA,17.0220895833333,0
2016-09-28,NA,16.84508333,16.45206875,0
2016-09-29,NA,17.37225,17.6726583333333,0
2016-09-30,NA,16.81977083,15.0179520833333,0
2016-10-01,NA,NA,14.83759375,0
2016-10-02,NA,16.77739583,16.7079583333333,0
2016-10-03,NA,16.51095833,15.8519625,0
2016-10-04,NA,15.429375,14.1793291666667,0
2016-10-05,NA,15.32429167,14.1833458333333,0
2016-10-06,NA,14.22325,12.44643125,0
2016-10-07,NA,15.05354167,14.9569145833333,0
2016-10-08,NA,NA,15.9130208333333,0
2016-10-09,NA,14.10931111,12.6860291666667,0
2016-10-10,NA,12.152125,9.89147083333333,0
2016-10-11,10.11580097,10.83670833,8.45461666666667,0
2016-10-12,10.32887153,11.53864583,10.87683125,0
2016-10-13,9.924024306,12.66725532,13.23659375,0
2016-10-14,10.24889583,11.76254167,9.40038541666667,0
2016-10-15,10.32440625,11.4730625,11.2577145833333,0
2016-10-16,9.808385417,13.04022917,14.62965625,0
2016-10-17,9.250902778,14.92041667,17.2778375,0
2016-10-18,8.93659375,15.736125,17.8770958333333,0
2016-10-19,8.61590625,16.79120833,19.5525791666667,0
2016-10-20,8.216305556,17.85691667,20.4740166666667,0
2016-10-21,8.187965278,17.53257778,17.49083125,0
2016-10-22,9.253126095,NA,10.2002291666667,0
2016-10-23,10.04038889,NA,10.2024375,0
2016-10-24,9.52375,NA,14.12053125,0
2016-10-25,10.02738194,NA,9.25342708333333,0
2016-10-26,10.61434028,NA,6.67704791666667,0
2016-10-27,10.41333333,NA,9.11343125,0
2016-10-28,10.11952083,NA,10.65225,0
2016-10-29,10.18498611,NA,11.36515,0
2016-10-30,8.908282337,NA,18.82120625,0
2016-10-31,9.345935252,NA,11.6962208333333,0
2016-11-01,10.00052778,10.77879167,10.3166875,0
2016-11-02,9.566373741,12.11829787,14.3360520833333,0
2016-11-03,8.978836806,13.962875,17.5111854166667,0
2016-11-04,9.209892361,13.06895833,11.7772604166667,0
2016-11-05,10.22294792,9.887958333,7.656175,0
2016-11-06,10.31475,9.654291667,9.49098958333333,0
2016-11-07,10.46949207,9.006444444,7.08255531914894,0
2016-11-08,10.67908333,8.374291667,8.45294166666667,0
2016-11-09,9.855625,10.591875,11.0827395833333,0
2016-11-10,10.46183617,8.990729167,7.65603333333333,0
2016-11-11,10.4346875,8.672479167,10.6797666666667,0
2016-11-12,11.03378472,7.0660625,4.23390416666667,0
2016-11-13,11.63349653,5.491270833,3.91881875,0
2016-11-14,11.47938889,5.890125,5.00899583333333,0
2016-11-15,10.80098264,7.9060625,7.54267083333333,0
2016-11-16,10.86242708,7.507875,7.47782083333333,0.8
2016-11-17,10.74849653,7.832541667,7.12074375,0.38
2016-11-18,10.86455903,7.605520833,8.62276458333333,0.32
2016-11-19,10.45668056,8.5294375,9.35634375,0.64
2016-11-20,11.32987153,5.646104167,2.7566875,0.06
2016-11-21,12.24881944,3.265,0.759885416666667,0.22
2016-11-22,12.70693056,2.454916667,0.318575,0.06
2016-11-23,12.75440278,2.580729167,1.11989583333333,0.17
2016-11-24,11.75311458,5.027229167,7.54319583333333,0.5
2016-11-25,11.03287153,6.966166667,8.99036666666667,1.03
2016-11-26,10.98053819,7.0349375,5.96435416666667,0.19
2016-11-27,11.79102083,5.002854167,3.1867125,0.44
2016-11-28,12.08902778,4.341125,3.19985625,0.24
2016-11-29,11.22145486,6.615958333,9.17771875,3.98
2016-11-30,10.62331944,8.554291667,10.1413229166667,17.69
2016-12-01,10.85798958,8.919270833,8.72086666666667,6.71
2016-12-02,11.46155208,7.11125,5.83185833333333,0.64
2016-12-03,11.94635069,5.822270833,4.52428125,0.28
2016-12-04,12.50517361,4.43325,1.53131458333333,0.04
2016-12-05,12.10107986,5.334104167,4.86086041666667,2.2
2016-12-06,12.06404448,5.4748125,2.75401875,18.76
2016-12-07,11.85047222,NA,3.70654791666667,0.65
2016-12-08,12.32603125,4.917125,1.72783958333333,0.47
2016-12-09,13.29716319,2.521791667,-1.49316875,0.26
2016-12-10,13.836625,1.418791667,-2.51105625,0.27
2016-12-11,14.17628819,0.680479167,-3.15013333333333,0.2
2016-12-12,13.17501389,2.593916667,3.39740208333333,2.39
2016-12-13,13.02982292,3.164125,1.61511458333333,0.33
2016-12-14,13.02898611,3.026666667,1.38271041666667,0.26
2016-12-15,13.78526389,1.140145833,-4.37073125,0.06
2016-12-16,13.46159722,0.075458333,-8.71535625,0.62
2016-12-17,13.45988194,0.094333333,-1.09664375,1.88
2016-12-18,13.21508333,1.783854167,8.58815416666667,1.97
2016-12-19,13.85767708,1.51025,-1.64374375,0.04
2016-12-20,14.33346181,0.203041667,-3.68073333333333,0
2016-12-21,14.15180556,0.126895833,0.125385416666667,0.02
2016-12-22,13.68573065,1.480104167,4.48892291666667,0.7
2016-12-23,13.88765278,1.4608125,0.7496625,0.1
2016-12-24,13.08685764,3.2735625,5.25468541666667,3.22
2016-12-25,12.93957639,3.930229167,3.49317291666667,0.52
2016-12-26,12.70612153,4.66925,4.7818625,0.36
2016-12-27,11.62778261,7.0588125,12.5193520833333,1.72
2016-12-28,12.47034028,4.758,2.73015416666667,0.24
2016-12-29,12.83011806,3.635833333,3.56416666666667,3.31
2016-12-30,13.21870833,2.639958333,1.5801625,0.11
2016-12-31,13.85185417,1.314625,-0.00462291666666667,0.18
2017-01-01,13.07126736,3.296104167,5.61427916666667,0.36
2017-01-02,12.73040972,4.373625,4.83671041666667,1.97
2017-01-03,12.39375347,5.067270833,3.87724791666667,15.83
2017-01-04,12.04761111,5.825354167,6.56675833333333,1.85
2017-01-05,13.32309589,NA,-1.67383958333333,0
2017-01-06,13.94267361,NA,-3.58840416666667,1.92
2017-01-07,14.61009028,NA,-7.59594166666667,0.25
2017-01-08,14.12782639,NA,-10.1295645833333,0.44
2017-01-09,13.63746196,NA,-10.1897229166667,0.87
2017-01-10,13.46630208,-0.0071875,-5.91575,1.72
2017-01-11,13.63745486,0.027,3.96119166666667,1.18
2017-01-12,13.84367708,0.143395833,10.7252354166667,2.59
2017-01-13,12.78589298,4.05325,9.17063958333333,0.78
2017-01-14,13.30149653,3.181,1.48844166666667,3.68
2017-01-15,13.15208681,3.554729167,2.3445375,0.61
2017-01-16,12.97881597,4.012520833,3.39539583333333,0.22
2017-01-17,12.50728796,5.056770833,5.28891041666667,3.05
2017-01-18,12.19878472,5.751583333,6.53531666666667,1.14
2017-01-19,12.49426736,5.064729167,4.23009375,0.61
2017-01-20,12.40308901,5.069458333,5.44695,0.89
2017-01-21,12.13011806,5.879604167,5.93222083333333,0.72
2017-01-22,11.63733843,6.986583333,7.34459375,0.16
2017-01-23,11.84826042,6.462708333,5.28126458333333,47.26
2017-01-24,12.35287153,5.3081875,2.91415,4.62
2017-01-25,12.13164236,5.961666667,6.321425,0.39
2017-01-26,11.78360764,6.8263125,9.6067875,1.41
2017-01-27,12.40488542,5.041645833,2.8500375,0.1
2017-01-28,12.72028125,4.059833333,2.03069166666667,0.38
2017-01-29,12.88451173,3.773604167,1.7445,0.06
2017-01-30,13.17770833,2.868395833,-1.39745833333333,3.91
2017-01-31,13.65482292,1.693416667,0.450654166666667,0.59
2017-02-01,13.13614583,3.157520833,3.72150625,0.5
2017-02-02,12.82267361,4.109895833,3.78050625,0.58
2017-02-03,13.45462188,NA,-1.86614285714286,0.4
2017-02-04,13.7298125,NA,NA,0.36
2017-02-05,13.39197569,NA,NA,0.24
2017-02-06,12.77862847,NA,NA,0.53
2017-02-07,11.55337153,NA,NA,1.93
2017-02-08,10.68504842,NA,NA,1.09
2017-02-09,NA,NA,-2.16552666666667,9.92
2017-02-10,NA,0.9165625,-4.25156458333333,0.33
2017-02-11,NA,2.769604167,5.91590416666667,0.93
2017-02-12,NA,6.468270833,8.47188125,2.12
2017-02-13,NA,4.704208333,4.7619375,0.46
2017-02-14,NA,2.694833333,0.960125,0.14
2017-02-15,NA,3.348416667,3.44297708333333,0.74
2017-02-16,NA,2.196375,0.109072916666667,0.35
2017-02-17,NA,1.818729167,0.575208333333333,0.12
2017-02-18,NA,4.3210625,9.09808125,0
2017-02-19,NA,8.402104167,13.3098083333333,1.51
2017-02-20,NA,7.3969375,8.46431041666667,0.72
2017-02-21,NA,7.032333333,8.44690833333333,0.36
2017-02-22,NA,8.145125,11.5648291666667,0.52
2017-02-23,NA,10.2060625,14.71458125,1.74
2017-02-24,NA,11.55154167,15.7105229166667,1.58
2017-02-25,NA,12.07475,15.389275,1.92
2017-02-26,NA,6.760708333,3.29571875,0.7
2017-02-27,NA,4.9454375,4.35045208333333,0.32
2017-02-28,NA,6.948583333,9.87606041666667,2.53
2017-03-01,NA,10.02389583,14.0536125,1.83
2017-03-02,NA,8.878375,8.77277916666667,0.7
2017-03-03,NA,5.009770833,0.776839583333333,0.8
2017-03-04,NA,2.6770625,-1.663275,0.15
2017-03-05,NA,1.89106383,-2.54159347826087,0.33
2017-03-06,NA,2.8171875,2.40885833333333,0.14
2017-03-07,NA,6.101916667,9.83224375,2.8
2017-03-08,NA,8.6943125,11.824775,2.16
2017-03-09,NA,8.180854167,13.10358125,1.18
2017-03-10,NA,6.988770833,5.06054375,1.16
2017-03-11,NA,3.109041667,-1.61611875,0.4
2017-03-12,NA,2.339729167,-1.78912291666667,0.33
2017-03-13,NA,2.211166667,-1.4491,0.47
2017-03-14,NA,0.716645833,-1.10018958333333,18.79
2017-03-15,NA,0.207416667,-5.32524375,0.35
2017-03-16,NA,0.4919375,-2.02569791666667,0.59
2017-03-17,NA,1.547479167,0.59119375,0.25
2017-03-18,NA,4.608270833,4.50571666666667,7.86
2017-03-19,NA,5.104166667,4.09688958333333,2.31
2017-03-20,NA,5.244979167,4.99466458333333,0.44
2017-03-21,NA,7.1925625,9.08286458333333,1.1
2017-03-22,NA,6.9704375,6.64917083333333,0.13
2017-03-23,NA,4.141125,0.430827083333333,0.42
2017-03-24,NA,4.995229167,5.82789583333333,3.06
2017-03-25,NA,9.572270833,16.3351125,0.93
2017-03-26,NA,10.09120833,10.7574229166667,0.39
2017-03-27,NA,10.24085417,12.57041875,2.28
2017-03-28,NA,12.39879167,14.6114041666667,3.81
2017-03-29,NA,12.67922917,13.7013625,1.54
2017-03-30,NA,9.650958333,8.656175,0.21
2017-03-31,NA,8.453104167,7.31791458333333,11.31
2017-04-01,NA,9.103958333,9.32901458333333,3.28
2017-04-02,NA,9.216520833,8.46939583333333,0.58
2017-04-03,NA,10.073875,11.3682458333333,0.8
2017-04-04,NA,12.33866667,16.3218541666667,3.78
2017-04-05,NA,12.62004167,14.905425,0.78
2017-04-06,NA,11.967,13.2599270833333,1.87
2017-04-07,NA,8.214104167,6.22365833333333,0.24
2017-04-08,NA,7.9053125,7.37882708333333,0.49
2017-04-09,NA,9.758770833,10.5580875,0.48
2017-04-10,NA,11.79858333,16.61604375,0.48
2017-04-11,NA,13.99222917,19.4307625,0.29
2017-04-12,NA,14.92704167,17.880275,0.83
2017-04-13,NA,12.98622917,12.4886020833333,0.28
2017-04-14,NA,13.33522917,15.10164375,0.26
2017-04-15,NA,14.01072917,16.7470395833333,0.63
2017-04-16,NA,16.11164583,21.2255,0.96
2017-04-17,NA,15.49733333,17.7829333333333,5.89
2017-04-18,NA,13.93235417,13.96799375,0.4
2017-04-19,NA,12.64733333,12.1324041666667,0.89
2017-04-20,NA,14.02752083,16.6133520833333,1.12
2017-04-21,NA,16.09277083,19.6293916666667,0.27
2017-04-22,NA,14.31210417,12.580775,9.02
2017-04-23,NA,11.546,9.26589791666667,0.38
2017-04-24,NA,11.3663125,9.695,10.19
2017-04-25,NA,10.9299375,10.01,23.18
2017-04-26,NA,12.80579167,15.3248729166667,5.31
2017-04-27,NA,14.31591667,18.6022104166667,1.44
2017-04-28,NA,15.16922917,20.1231666666667,0.75
2017-04-29,NA,16.39410417,21.8808833333333,2.53
2017-04-30,NA,17.526375,22.2147895833333,0.25
2017-05-01,NA,17.825125,21.3844583333333,1.17
2017-05-02,NA,16.8205,18.7157083333333,1.07
2017-05-03,NA,14.16802083,13.3886208333333,0.65
2017-05-04,NA,12.26866667,11.36381875,2.41
2017-05-05,NA,13.106625,14.68576875,78.84
2017-05-06,NA,12.66941667,12.1207354166667,2.62
2017-05-07,NA,11.29735417,9.46091666666667,2
2017-05-08,10.2147049,10.71452083,8.49407083333333,0.42
2017-05-09,10.43442708,10.64172917,9.28240833333333,0.25
2017-05-10,10.23994444,11.42183333,12.8129083333333,0.28
2017-05-11,10.02368056,11.95970833,12.7257791666667,29.97
2017-05-12,10.40394366,10.90389583,9.36375,7.05
2017-05-13,10.3749462,10.777,9.64461458333333,16.17
2017-05-14,10.29137495,NA,12.7699564102564,0.63
2017-05-15,10.03448915,12.37746809,15.31328125,0.6
2017-05-16,9.978958333,12.7504375,15.75414375,0.18
2017-05-17,9.501447917,14.72858333,21.3789291666667,0.32
2017-05-18,9.088822917,16.43404167,23.6124979166667,1.45
2017-05-19,8.911868056,16.97327083,22.1007895833333,0.87
2017-05-20,9.125802083,15.96977083,18.1428833333333,0.12
2017-05-21,9.565934028,14.205125,15.2822354166667,0.4
2017-05-22,9.464472222,14.303625,15.58425625,2.26
2017-05-23,9.534465278,13.75145833,13.9256,0.56
2017-05-24,9.504927083,13.62447917,13.9594416666667,11.88
2017-05-25,9.546942215,13.67920833,14.3899041666667,30.88
2017-05-26,NA,13.860125,15.7235645833333,1.44
2017-05-27,NA,14.03666667,16.1718395833333,0.45
2017-05-28,NA,14.749125,17.8130583333333,0.22
2017-05-29,NA,15.48747917,19.3331416666667,0.5
2017-05-30,NA,16.09372917,18.8379416666667,1
2017-05-31,NA,16.48447917,19.7456041666667,0.68
2017-06-01,NA,16.12929167,18.5413354166667,0.41
2017-06-02,NA,15.63827083,17.7257416666667,0.47
2017-06-03,NA,15.49535417,18.20350625,0.66
2017-06-04,NA,16.04710417,19.2265083333333,0.23
2017-06-05,NA,16.67345833,19.1879604166667,1.64
2017-06-06,NA,16.19745833,17.9171395833333,0.52
2017-06-07,NA,14.4850625,14.1201604166667,3.63
2017-06-08,NA,14.15254167,14.1046645833333,0.71
2017-06-09,NA,14.697875,16.6787979166667,0.74
2017-06-10,NA,16.0595625,19.4805375,0.1
2017-06-11,NA,17.8845,22.2918645833333,0.2
2017-06-12,NA,18.80370833,22.6623375,0.53
2017-06-13,NA,19.52420833,23.58533125,0.41
2017-06-14,NA,19.68116667,22.7602395833333,0.22
2017-06-15,NA,19.8519375,22.7770395833333,0.83
2017-06-16,NA,19.50658333,21.7601666666667,6.84
2017-06-17,NA,19.3546875,22.2299958333333,0.48
2017-06-18,NA,20.7153125,24.7381375,0.69
2017-06-19,NA,21.1366875,23.9953520833333,2.12
2017-06-20,NA,19.8280625,21.9979375,0.48
2017-06-21,NA,19.35260417,21.3486916666667,0.54
2017-06-22,NA,19.66814583,22.4106416666667,0.33
2017-06-23,NA,20.48883333,23.87761875,4.78
2017-06-24,NA,20.57783333,22.71855625,5.95
2017-06-25,NA,19.036625,19.9554020833333,0.41
2017-06-26,NA,17.33416667,18.0192854166667,0.28
2017-06-27,NA,17.125875,17.7752479166667,0.27
2017-06-28,NA,16.35370833,16.96220625,0.53
2017-06-29,NA,17.88135417,20.6767208333333,0.68
2017-06-30,NA,19.97035417,24.7903104166667,0.74
2017-07-01,NA,21.14816667,24.3960083333333,0.71
2017-07-02,NA,20.80020833,23.008775,0.19
2017-07-03,NA,20.67433333,22.4249854166667,0.29
2017-07-04,NA,20.346875,22.2441395833333,0.28
2017-07-05,NA,20.21565957,21.2088916666667,5.26
2017-07-06,NA,19.9525,21.5224520833333,10.53
2017-07-07,NA,20.62554167,22.7265645833333,3.66
2017-07-08,NA,20.23808333,21.4740895833333,0.79
2017-07-09,NA,19.236,19.7762895833333,0.75
2017-07-10,NA,19.81333333,22.0525333333333,0.45
2017-07-11,NA,20.28027083,22.7709979166667,1.3
2017-07-12,NA,21.35108333,23.95750625,1.01
2017-07-13,NA,22.03595833,24.6440270833333,0.63
2017-07-14,NA,22.21385417,24.2289625,3.35
2017-07-15,NA,21.6414375,22.8243354166667,0.67
2017-07-16,NA,20.52041667,21.2127583333333,0.29
2017-07-17,NA,21.71704167,24.40035625,0.78
2017-07-18,NA,22.3435,24.34799375,0.73
2017-07-19,NA,21.75045833,23.16171875,0.65
2017-07-20,NA,22.55925,25.0640395833333,0.72
2017-07-21,NA,22.51120833,24.1364125,0.92
2017-07-22,NA,21.8523125,22.6179333333333,7.47
2017-07-23,NA,21.42375,22.8086791666667,1.35
2017-07-24,NA,21.85975,23.6078666666667,0.68
2017-07-25,NA,20.31766667,20.4939958333333,0.57
2017-07-26,NA,18.846375,19.3413479166667,0.54
2017-07-27,NA,20.5681875,22.7406791666667,1.01
2017-07-28,NA,20.58935417,21.49375,6.39
2017-07-29,NA,19.21752083,18.9025270833333,23.07
2017-07-30,NA,17.4241875,16.8134104166667,0.45
2017-07-31,NA,18.16120833,19.3106291666667,0.36
2017-08-01,NA,19.41260417,20.8541625,0.59
2017-08-02,NA,20.24375,21.6402479166667,0.68
2017-08-03,NA,20.21583333,21.4475375,1.19
2017-08-04,NA,20.722625,22.9786291666667,0.36
2017-08-05,NA,20.27629167,21.2185,1.44
2017-08-06,NA,17.62433333,18.1310083333333,0.38
2017-08-07,NA,18.72377083,19.26999375,9.8
2017-08-08,NA,19.0860625,19.6660541666667,3.8
2017-08-09,NA,17.54725,17.4940104166667,0.24
2017-08-10,NA,17.5606875,18.4917125,0.77
2017-08-11,NA,19.01377083,20.6617375,33.03
2017-08-12,NA,19.58566667,21.60648125,1.06
2017-08-13,NA,19.7966875,20.41534375,0.48
2017-08-14,NA,18.8492,18.8948833333333,0.94
2017-08-15,NA,19.2040625,20.63134375,2.48
2017-08-16,NA,20.207625,21.9899104166667,0.7
2017-08-17,NA,21.14460417,23.2612229166667,0.55
2017-08-18,NA,22.21583333,24.5893583333333,1
2017-08-19,NA,21.8190625,22.7508166666667,0.65
2017-08-20,NA,20.39360417,20.1342104166667,2.19
2017-08-21,NA,21.44691667,23.4766875,0.65
2017-08-22,NA,22.02445833,24.1307479166667,0.5
2017-08-23,NA,21.94158333,22.5109,1.34
2017-08-24,NA,19.68989583,18.7052395833333,0.62
2017-08-25,NA,18.29816667,17.3035708333333,0.62
2017-08-26,NA,17.11997917,17.19955,0.18
2017-08-27,NA,17.65779167,18.0030208333333,0.49
2017-08-28,NA,16.480375,16.5992958333333,0.47
2017-08-29,NA,16.12395833,15.7915145833333,21.12
2017-08-30,NA,16.7715625,17.39983125,0.91
2017-08-31,NA,18.1698125,19.3541895833333,0.47
2017-09-01,NA,16.61572917,15.9284020833333,0.4
2017-09-02,NA,14.2438125,12.6539770833333,2.93
2017-09-03,NA,15.433375,16.2577354166667,0.46
2017-09-04,NA,16.15145833,17.61179375,0.38
2017-09-05,NA,18.68547917,20.4665854166667,1.19
2017-09-06,NA,NA,16.1945020833333,12.97
2017-09-07,NA,15.7071875,13.6081918918919,0.54
2017-09-08,NA,14.68589583,14.5594104166667,0.54
2017-09-09,NA,14.53470833,14.2001291666667,0.72
2017-09-10,NA,13.372375,12.5842958333333,0.49
2017-09-11,NA,13.50558333,13.51913125,0.47
2017-09-12,NA,14.77910417,16.3619416666667,0.55
2017-09-13,NA,16.7898125,19.9644604166667,0.99
2017-09-14,NA,17.55464583,19.4769270833333,1.83
2017-09-15,NA,17.60839583,19.0047104166667,0.49
2017-09-16,NA,17.61910417,19.3955729166667,0.34
2017-09-17,NA,18.11385417,19.9637229166667,0.58
2017-09-18,NA,NA,20.4130020833333,0.38
2017-09-19,NA,18.755375,20.7128895833333,0.62
2017-09-20,NA,18.51713333,20.2617479166667,0.37
2017-09-21,NA,18.39870833,20.2167083333333,0.43
2017-09-22,7.914992151,18.572875,20.3479375,0.51
2017-09-23,7.948895833,18.39197917,19.7968666666667,0.27
2017-09-24,7.941881944,17.926875,20.02749375,0.08
2017-09-25,7.65190625,19.00433333,21.6700083333333,0.19
2017-09-26,7.488625,19.57179167,21.82901875,0.63
2017-09-27,7.423805556,19.47747917,21.5003272727273,0.43
2017-09-28,7.403850694,19.07595833,NA,0.65
2017-09-29,8.042409722,15.36445833,NA,0.75
2017-09-30,8.49340625,14.38995833,NA,1.76
2017-10-01,9.181152778,11.68733333,NA,0.27
2017-10-02,9.230538194,12.46139583,NA,0.27
2017-10-03,8.933565972,13.82477083,NA,0.22
2017-10-04,8.729802083,14.55741667,NA,0.34
2017-10-05,8.445029524,15.31785417,NA,0.75
2017-10-06,8.050110204,NA,24.2163529411765,0.41
2017-10-07,7.732649306,17.91145833,21.9036666666667,0.66
2017-10-08,7.196208333,19.23079167,23.20333125,2.79
2017-10-09,7.254928844,20.38629167,24.2173916666667,25.74
2017-10-10,7.41093185,20.04702083,22.06578125,0.93
2017-10-11,7.282125,20.10152083,21.71684375,2.16
2017-10-12,7.741666667,18.51260417,17.7230875,4.48
2017-10-13,8.442309028,16.14327083,14.9078729166667,1
2017-10-14,8.358909722,16.25275,17.21445625,0.31
2017-10-15,7.986510417,17.06791667,19.1171604166667,1.34
2017-10-16,8.191913194,16.42235417,15.6724208333333,4.46
2017-10-17,9.403300857,NA,8.7187875,0.2
2017-10-18,9.679454861,11.33752083,11.2985104166667,0.26
2017-10-19,9.436711806,11.987625,13.1919958333333,0.2
2017-10-20,9.132763889,12.8751875,14.8511125,0.18
2017-10-21,9.098027778,12.9811875,14.7459041666667,0.1
2017-10-22,8.815263889,13.89575,17.0838229166667,0.3
2017-10-23,8.530489583,14.67102083,16.9697023255814,0.75
2017-10-24,8.499149306,15.42839583,19.4823,14.81
2017-10-25,9.074038194,13.2799375,12.2417,0.85
2017-10-26,9.675538194,10.95497917,9.40810434782609,0.63
2017-10-27,10.18361806,9.307395833,10.3740179487179,0.16
2017-10-28,9.439284722,11.22110417,14.6417645833333,1.2
2017-10-29,9.165305556,12.54020833,13.2138875,37.8
2017-10-30,10.14940518,10.356,8.68686585365854,8.82
2017-10-31,10.38269444,9.446833333,8.71641666666667,0.55
2017-11-01,10.56473574,8.862,8.03338333333333,0.21
2017-11-02,10.03711806,10.32560417,13.0232895833333,0.62
2017-11-03,9.210250522,12.7825625,16.9931208333333,0.91
2017-11-04,9.429361111,11.98039583,10.4453583333333,5.44
2017-11-05,9.850930556,11.212375,11.2627645833333,2.46
2017-11-06,9.245506944,12.81497917,16.0156354166667,0.95
2017-11-07,9.895833333,10.8788125,7.097025,17.84
2017-11-08,10.84616667,8.748625,4.86176666666667,1.05
2017-11-09,10.66838194,8.72275,6.75952291666667,1.38
2017-11-10,11.02127778,7.474020833,4.584575,0.46
2017-11-11,12.55653472,3.330645833,-2.26990833333333,0.8
2017-11-12,12.47156944,3.356979167,2.0088375,0.21
2017-11-13,11.70809028,5.347145833,5.13466666666667,1.15
2017-11-14,11.187375,6.726645833,7.01994166666667,0.51
2017-11-15,11.59066667,5.491625,4.13794583333333,0.27
2017-11-16,11.08963889,6.657083333,8.62668125,1.67
2017-11-17,11.35253472,5.967541667,5.62998125,0.47
2017-11-18,11.43841667,5.484208333,6.82509583333333,1.17
2017-11-19,10.55835417,7.726791667,10.7283083333333,0.62
2017-11-20,11.40538194,5.550020833,4.78603333333333,1.34
2017-11-21,11.79159722,4.6525,5.67015416666667,0.88
2017-11-22,11.14097917,6.297208333,8.04707916666667,1.09
2017-11-23,12.19817361,3.52325,0.121027083333333,1.66
2017-11-24,12.40859028,3.035083333,3.43148125,1.02
2017-11-25,11.80384722,4.475333333,7.89468333333333,0.65
2017-11-26,11.43106944,5.5565625,7.61080833333333,1.24
2017-11-27,11.70294302,NA,6.50443958333333,1.27
2017-11-28,11.57263542,4.934708333,7.29419166666667,1.2
2017-11-29,11.2960153,5.47775,9.2921,1.16
2017-11-30,11.25393403,5.663125,7.51681458333333,1.29
2017-12-01,11.12868056,6.00125,6.73264166666667,1.18
2017-12-02,11.67015625,4.73775,4.62373541666667,1.35
2017-12-03,11.41635417,5.391333333,6.51259166666667,0.76
2017-12-04,11.82785489,4.563291667,4.94636458333333,1.21
2017-12-05,11.26136458,5.871708333,9.62218541666667,1.2
2017-12-06,11.05678819,6.742583333,6.99333541666667,1.04
2017-12-07,11.83195486,4.486104167,3.32226666666667,1.22
2017-12-08,12.13356597,3.677729167,2.11732083333333,1.09
2017-12-09,12.46146528,2.7894375,0.150614583333333,3.76
2017-12-10,12.89592567,1.952729167,-0.211814583333333,1.43
2017-12-11,12.80408621,NA,1.93794791666667,1.39
2017-12-12,12.50514236,2.9405625,3.55928958333333,1.22
2017-12-13,13.14489583,0.5919375,-3.65739375,1.65
2017-12-14,13.27729073,0.415638298,1.13828333333333,0.88
2017-12-15,13.58387847,0.326276596,-2.5710375,0.75
2017-12-16,13.27502778,0.298166667,0.4150375,1.8
2017-12-17,13.58744792,0.481416667,2.87375625,0.63
2017-12-18,12.67032292,2.9143125,7.00905,0.63
2017-12-19,11.99845486,4.5325625,8.16300416666667,0.69
2017-12-20,11.94356944,4.665541667,7.1056,1.05
2017-12-21,12.98944097,2.236395833,0.615272916666667,1.11
2017-12-22,13.03744097,2.2094375,4.1470375,1.16
2017-12-23,11.71928125,5.371208333,10.1984729166667,3.63
2017-12-24,11.89950347,5.244895833,3.96430416666667,0.56
2017-12-25,12.74160417,2.809208333,0.62261875,0.74
2017-12-26,13.82870833,0.420666667,-2.39208125,1.54
2017-12-27,14.01217708,0.2604375,-3.26065625,0.76
2017-12-28,12.89553822,NA,-9.10380681818182,0.47
2017-12-29,11.66663077,0.204625,-7.48873958333333,0.8
2017-12-30,10.89355903,0.160625,-4.30665,2.28
2017-12-31,13.5141959,0.1371875,-8.3612875,3.24
2018-01-01,12.06511458,0.142520833,-11.0880083333333,3.65
2018-01-02,14.96282061,0.103645833,-10.8880354166667,3.67
2018-01-03,17.62873868,-0.097729167,-8.12689791666667,3.35
2018-01-04,11.84632639,0.148044444,-5.04965625,2.14
2018-01-05,20.86836,0.065458333,-10.2848604166667,2.57
2018-01-06,18.49925694,-0.48925,-11.0423854166667,3.12
2018-01-07,16.73195274,-0.0215625,-11.5091375,3.52
2018-01-08,16.30584407,-0.490791667,-4.18112916666667,2.3
2018-01-09,10.34166319,0.314916667,1.06236666666667,1.15
2018-01-10,8.09546875,0.214375,1.8895625,2.88
2018-01-11,11.41941667,0.155791667,7.9579375,3.06
2018-01-12,13.689125,0.113375,16.1549958333333,25.96
2018-01-13,13.09573611,1.826791667,3.50383958333333,10.31
2018-01-14,13.91712153,0.001666667,-7.8621125,0.66
2018-01-15,13.60361458,0.0015,-8.52872291666667,1.44
2018-01-16,13.74765278,0.054625,-1.46947083333333,1.39
2018-01-17,13.93865625,0.074395833,-3.72836458333333,0.82
2018-01-18,13.46542219,0.040659574,-4.07639375,2.68
2018-01-19,13.53824653,0.08075,1.41995625,2.95
2018-01-20,13.67954514,0.11,4.35257083333333,1.59
2018-01-21,13.76831597,0.248520833,7.28958541666667,1.77
2018-01-22,12.87963504,NA,11.9658604166667,3.14
2018-01-23,11.53128819,5.245479167,11.9700645833333,8.12
2018-01-24,12.24804514,3.416958333,4.77586875,1.09
2018-01-25,12.95406597,1.917708333,0.62649375,2.56
2018-01-26,13.47088194,0.73275,0.702879166666667,2.87
2018-01-27,13.03040278,1.951604167,6.5107125,3.15
2018-01-28,11.4034375,5.899416667,11.2870958333333,7.02
2018-01-29,11.76089292,5.203833333,5.54803333333333,1.42
2018-01-30,12.59589829,NA,-0.5633025,2.37
2018-01-31,NA,NA,NA,0
2018-02-01,NA,NA,NA,0
2018-02-02,NA,NA,NA,0
2018-02-03,NA,NA,NA,0
2018-02-04,NA,NA,NA,0
2018-02-05,NA,NA,NA,0
2018-02-06,NA,NA,NA,0.12
2018-02-07,NA,NA,NA,11.28
2018-02-08,NA,NA,NA,1.32
2018-02-09,NA,NA,NA,3.24
2018-02-10,NA,NA,NA,5.07
2018-02-11,NA,NA,NA,10.4
2018-02-12,NA,NA,NA,1.95
2018-02-13,NA,NA,NA,3.33
2018-02-14,NA,NA,NA,2.4
2018-02-15,NA,NA,NA,2.38
2018-02-16,NA,NA,NA,3.2
2018-02-17,NA,NA,NA,9.89
2018-02-18,NA,NA,NA,1.98
2018-02-19,NA,NA,NA,3.05
2018-02-20,9.831156627,NA,21.7882285714286,1.67
2018-02-21,10.09851042,10.93127083,19.0443208333333,3.05
2018-02-22,9.991291667,11.02491667,11.7221041666667,0.96
2018-02-23,11.18775347,7.515770833,5.90470833333333,3.24
2018-02-24,11.09530903,7.224145833,7.78320833333333,4.95
2018-02-25,10.97443056,7.949604167,9.92344166666667,11.28
2018-02-26,11.02343403,7.981166667,8.75012708333333,1.63
2018-02-27,11.70544444,5.972270833,5.06195625,1.62
2018-02-28,11.41796528,6.597479167,8.8460125,1.72
2018-03-01,10.90032639,7.7189375,10.2109979166667,1.93
2018-03-02,11.22663206,NA,6.23751707317073,1.39
2018-03-03,NA,NA,NA,0
2018-03-04,12.16539277,3.964044444,3.40564130434783,3.97
2018-03-05,12.4038268,NA,1.78420625,4.05
2018-03-06,12.64119097,2.611125,0.975297916666667,2.22
2018-03-07,12.15150347,3.73225,3.81140416666667,2.23
2018-03-08,12.44874306,3.04925,1.57075208333333,3.9
2018-03-09,12.86164583,2.063416667,1.11733125,3.9
2018-03-10,12.92415972,2.036416667,0.711035416666667,1.92
2018-03-11,12.7629375,2.5820625,1.16006666666667,3.65
2018-03-12,12.59472056,2.987956522,1.63253125,2.52
2018-03-13,12.62181944,2.815708333,1.73600625,3.06
2018-03-14,12.98055942,1.903833333,-0.20698125,2.87
2018-03-15,12.79812153,2.352229167,4.19751666666667,2.72
2018-03-16,12.55731944,2.940208333,1.91992083333333,2.87
2018-03-17,13.07115278,1.753645833,0.390725,2.25
2018-03-18,12.74443403,2.792479167,3.6820375,2.63
2018-03-19,12.13540278,4.32425,6.0794625,1.87
2018-03-20,11.8296493,NA,2.5872125,16.45
2018-03-21,13.80520833,NA,-0.953764583333333,13.97
2018-03-22,13.55640278,NA,0.808558333333333,2.47
2018-03-23,13.20771528,NA,2.75866875,4.95
2018-03-24,13.13703472,NA,1.50678541666667,2.19
2018-03-25,12.99241667,NA,1.110975,3.85
2018-03-26,12.98259722,NA,2.9206625,3.36
2018-03-27,13.02679861,NA,2.32697291666667,3.83
2018-03-28,12.56277778,NA,6.37294166666667,2.56
2018-03-29,11.66259028,NA,12.5667604166667,2.53
2018-03-30,10.621875,NA,17.01835,1.33
2018-03-31,11.69179167,NA,7.3680125,2.91
2018-04-01,11.38415278,NA,12.3352604166667,2.06
2018-04-02,11.64140666,NA,5.97495416666667,7.46
2018-04-03,11.59526736,7.860291667,8.593725,2.2
2018-04-04,10.83467361,9.650875,13.1121375,2.57
2018-04-05,11.83982301,NA,5.0621625,3.49
2018-04-06,11.47411111,8.294104167,11.1617625,2.65
2018-04-07,11.197625,8.303895833,8.07196041666667,0.56
2018-04-08,12.31909722,5.534333333,2.54512916666667,2.88
2018-04-09,12.28513457,5.305617021,2.746625,1.14
2018-04-10,12.23754167,6.205020833,5.64164791666667,1.86
2018-04-11,11.73683333,7.517125,8.00651875,2.45
2018-04-12,11.03982639,9.238,14.3728833333333,2.64
2018-04-13,9.872680556,12.9175,20.6745958333333,2.48
2018-04-14,9.013869399,15.33041667,22.4696645833333,2.21
2018-04-15,8.81596875,15.495,17.2790041666667,5.89
2018-04-16,10.52772146,NA,8.25760208333333,30.06
2018-04-17,11.42846181,7.9078125,4.88953958333333,2.46
2018-04-18,11.49636111,8.2419375,6.85857083333333,2.53
2018-04-19,11.00221181,9.467895833,10.2082604166667,1.59
2018-04-20,11.61203125,8.348958333,7.43810833333333,4.36
2018-04-21,11.51459028,9.0601875,8.06584583333333,2.37
2018-04-22,11.0446875,10.7676875,13.1792291666667,1.41
2018-04-23,10.73846528,11.5199375,13.8241666666667,1.97
2018-04-24,10.54738889,10.810375,11.9247041666667,10.63
2018-04-25,10.73492361,11.19695556,13.3652104166667,13.99
2018-04-26,10.61546528,12.23827083,14.5949395833333,2.77
2018-04-27,10.38557292,12.0980625,13.0345583333333,14.91
2018-04-28,10.59069792,12.29960417,14.9434875,2.04
2018-04-29,10.96988889,11.343,9.81769583333333,4.23
2018-04-30,11.05337628,NA,11.072275,3.17
2018-05-01,10.58476389,12.53772917,16.6044145833333,1.5
2018-05-02,9.862847222,14.765625,20.94049375,1.12
2018-05-03,9.108309028,16.96341667,23.91620625,1
2018-05-04,8.584805556,18.113,24.05289375,1.31
2018-05-05,8.744857639,16.88997917,19.4574833333333,3.44
2018-05-06,9.577930556,13.48541667,12.67340625,8.24
2018-05-07,9.6300625,14.12904167,15.5777,2.37
2018-05-08,9.279552083,15.124,16.9499479166667,1.55
2018-05-09,9.004965278,15.81297917,18.6549895833333,0
2018-05-10,8.755340278,16.29922917,20.0515333333333,0
2018-05-11,8.7275,16.6691875,19.3359625,0
2018-05-12,8.399111111,17.88102083,21.6860270833333,0
2018-05-13,8.333027778,18.62472917,21.71184375,0
2018-05-14,8.38020607,NA,20.7663222222222,0
2018-05-15,8.942033333,17.49355556,22.05945,0
2018-05-16,8.971742451,17.32535417,20.7731895833333,0
2018-05-17,9.230588235,NA,19.02148125,0
2018-05-18,9.478033356,15.57479167,18.4399270833333,0
2018-05-19,9.839604167,14.37654167,14.38626875,0
2018-05-20,9.610496528,15.25147917,18.4541285714286,0
2018-05-21,9.496857639,15.79535417,24.6503125,0
2018-05-22,9.323871528,16.22666667,21.1306958333333,0
2018-05-23,9.232894371,16.54675,21.7012604166667,0
2018-05-24,9.315454861,16.24341667,19.4495,0
2018-05-25,9.180878472,16.5955,21.1631458333333,0
2018-05-26,8.788888889,17.99752083,23.6036604166667,0
2018-05-27,8.782517361,17.87947917,22.723975,0
2018-05-28,8.796989583,17.93629167,21.83509375,0
2018-05-29,8.723254593,NA,22.6642489361702,0
2018-05-30,8.583878472,18.5685,22.9059458333333,0
2018-05-31,8.534116564,NA,23.3652,0
2018-06-01,8.771829861,18.34989583,23.4353958333333,0
2018-06-02,8.779708333,18.08570833,22.0696666666667,0
2018-06-03,9.160910838,17.28083333,18.8320125,0
2018-06-04,9.550520833,15.50647917,17.5939895833333,0
2018-06-05,9.594972222,15.15841667,18.113825,0
2018-06-06,9.610243056,15.07997917,17.1994770833333,0
2018-06-07,9.776465278,14.68166667,17.05065625,0
2018-06-08,9.561013889,15.67854167,20.78034375,0
2018-06-09,9.333201389,16.58595833,22.37043125,11.72
2018-06-10,9.266319444,16.73760417,20.7174791666667,0.83
2018-06-11,9.370856102,NA,17.1236791666667,12.72
2018-06-12,9.539097222,15.72860417,18.4186770833333,0.15
2018-06-13,9.289381944,16.55925,21.6955604166667,0.24
2018-06-14,9.025395833,17.5118125,22.9000895833333,0.11
2018-06-15,9.151354167,16.99458333,20.53348125,0.02
2018-06-16,9.175743056,16.854125,20.28911875,0.06
2018-06-17,9.010395833,17.47160417,22.2654208333333,0.02
2018-06-18,8.817263889,18.438,24.4916916666667,0
2018-06-19,8.516006944,19.50279167,25.0526541666667,8.79
2018-06-20,8.706743056,18.83370833,22.2676729166667,14.61
2018-06-21,8.99475,18.1035625,22.4290416666667,0.82
2018-06-22,9.1546875,17.32545833,19.5694520833333,33.64
2018-06-23,9.323465278,16.81641667,20.11330625,13.59
2018-06-24,9.313430556,16.8034375,21.8376166666667,4.62
2018-06-25,9.360963481,NA,21.2792613636364,0.18
2018-06-26,9.442546531,NA,20.0472229166667,0.17
2018-06-27,9.349673611,16.6740625,21.4926833333333,0.44
2018-06-28,9.116805556,17.51895833,23.6777479166667,0.55
2018-06-29,9.094059406,17.81258696,22.9644229166667,0.15
2018-06-30,9.019055556,18.16016667,23.7235104166667,0.13
2018-07-01,8.838923611,18.90770833,25.2099666666667,0.07
2018-07-02,8.693909722,19.4869375,26.10890625,0.16
2018-07-03,8.628618056,19.77977083,25.9556479166667,0.17
2018-07-04,8.577875,20.043625,25.9502229166667,2.93
2018-07-05,8.650111111,19.774,24.55473125,0.61
2018-07-06,8.6027894,19.74921277,24.52725625,0.12
2018-07-07,8.9111875,18.33591667,20.1729458333333,0
2018-07-08,9.148944444,17.31891667,19.1071958333333,0
2018-07-09,9.078256944,17.56845833,20.4842541666667,0
2018-07-10,8.775069444,18.77958333,23.0947041666667,0.02
2018-07-11,8.603465278,19.503875,23.58273125,0.21
2018-07-12,8.782777778,18.82091667,21.5040458333333,0.04
2018-07-13,8.724083333,19.1590625,22.8896333333333,0.07
2018-07-14,8.594541667,19.7008125,24.19073125,0.02
2018-07-15,8.473951389,20.088,24.1677458333333,0.55
2018-07-16,8.509097222,19.87266667,23.6660083333333,0.06
2018-07-17,8.428173611,20.18,23.9462666666667,0
2018-07-18,8.6311875,19.18570833,21.1348145833333,0
2018-07-19,8.810694444,18.46816667,20.6041583333333,0
2018-07-20,8.637319444,19.34395833,22.9614354166667,0.11
2018-07-21,8.668256944,18.89260417,20.7183583333333,21.49
2018-07-22,8.940583333,17.76025,19.5929479166667,3.22
2018-07-23,8.723053312,NA,22.6519395833333,8.02
2018-07-24,8.708430556,19.49597917,23.47368125,26.91
2018-07-25,8.852888889,19.36154167,22.8883583333333,52.87
2018-07-26,9.008277778,18.67885417,22.8040895833333,0.55
2018-07-27,9.013854167,18.5635625,23.1870166666667,0.26
2018-07-28,8.971402778,18.64847917,22.6138479166667,0.23
2018-07-29,9.039041667,18.23072917,20.9044166666667,0.17
2018-07-30,9.009659722,18.31304167,21.1780916666667,19.18
2018-07-31,9.151166667,18.10420833,21.7037125,0.42
2018-08-01,8.999083333,18.87825,24.1508125,10.32
2018-08-02,9.053854167,18.61529167,22.7473770833333,19.07
2018-08-03,9.206665046,18.45564583,22.88225,8.2
2018-08-04,9.237599027,18.04960417,23.1297729166667,5.64
2018-08-05,9.220986111,18.1928125,23.7132645833333,0.14
2018-08-06,9.163853659,18.37220833,23.9771604166667,0.23
2018-08-07,9.070291667,18.57954167,24.2061125,1.48
2018-08-08,8.995510417,18.8210625,23.9248458333333,10.36
2018-08-09,8.874105583,NA,23.4268541666667,1.47
2018-08-10,8.788065972,18.88170833,22.92046875,0.23
2018-08-11,8.73965625,19.0294375,23.33070625,2.13
2018-08-12,8.837940257,18.58683333,21.9712208333333,12.98
2018-08-13,8.922715278,18.24725,20.8363895833333,0.31
2018-08-14,8.972761375,17.87808333,20.41485625,0.34
2018-08-15,8.856138889,18.4976875,22.30241875,0.38
2018-08-16,8.721961806,19.211625,23.6235083333333,0.27
2018-08-17,8.594690972,19.7205625,24.1502875,4.36
2018-08-18,8.660631944,19.35233333,22.7915666666667,15.62
2018-08-19,8.718051407,19.03222917,21.7344291666667,0.21
2018-08-20,8.779144086,NA,21.4921769230769,6.93
2018-08-21,8.683121528,19.5011875,23.9638625,32.73
2018-08-22,8.74440625,19.12625,22.35598125,4.06
2018-08-23,9.039087438,NA,18.1805425531915,0.05
2018-08-24,9.08655328,16.95527083,18.1917020833333,0.09
2018-08-25,9.00371875,17.40854167,19.7227479166667,0.28
2018-08-26,8.845118056,18.01916667,21.7114854166667,0.27
2018-08-27,8.606934028,19.15545833,24.1052791666667,0.38
2018-08-28,8.448791667,19.77208333,24.61915,0.23
2018-08-29,8.316141513,20.31957447,25.3065666666667,0.34
2018-08-30,8.275611111,20.47,24.3693541666667,0.22
2018-08-31,8.398383651,20.2743125,24.0205479166667,0.33
2018-09-01,NA,20.3538125,23.6304208333333,6.79
2018-09-02,NA,20.344,23.7827104166667,0.23
2018-09-03,NA,20.87610417,25.0858625,0.35
2018-09-04,NA,NA,23.9152542857143,0.18
2018-09-05,NA,21.80932609,25.58096875,0.2
2018-09-06,7.930540541,21.767875,25.1338541666667,0.2
2018-09-07,8.129493056,21.258,23.2021291666667,8
2018-09-08,8.445138889,19.52414583,18.8389270833333,6.94
2018-09-09,9.125444444,16.8999375,14.1521531914894,58.27
2018-09-10,9.168299581,16.9656875,16.7238520833333,12.21
2018-09-11,9.121596668,17.28152083,18.7667770833333,0.17
2018-09-12,9.111316887,17.4771875,20.0125708333333,0.7
2018-09-13,8.947513889,18.23924444,21.8131729166667,0
2018-09-14,8.778859813,18.940375,22.50276875,0
2018-09-15,8.687347222,19.05327083,21.9796625,0
2018-09-16,8.735680556,18.8095625,21.2418770833333,0
2018-09-17,8.574646038,19.46322917,22.8130625,0
2018-09-18,8.6674375,19.45770833,23.3111354166667,0
2018-09-19,8.798538194,18.80895833,21.69703125,0
2018-09-20,8.745530042,NA,21.7783041666667,0
2018-09-21,8.605107639,19.22533333,21.8465,0
2018-09-22,8.615430556,18.94516667,21.0259958333333,0
2018-09-23,9.150604167,16.55608333,15.1404666666667,0
2018-09-24,9.271145833,16.41991111,16.67578125,0
2018-09-25,9.207180556,17.11689583,19.2637916666667,0
2018-09-26,8.985069444,17.75670833,21.7845458333333,0
2018-09-27,9.146836806,16.86570833,16.7941020833333,0
2018-09-28,9.447461376,15.872875,15.9934291666667,0
2018-09-29,9.430829861,16.14408333,17.6696375,0
2018-09-30,9.527618056,15.79291667,16.8295,0
2018-10-01,9.397815972,16.332,19.3415645833333,0
2018-10-02,9.20165625,17.18560417,21.2850916666667,0
2018-10-03,8.911754658,NA,21.7462770833333,0
2018-10-04,8.637989583,17.98727083,22.1954291666667,0
2018-10-05,8.6160625,17.94195833,20.3057166666667,0.08
2018-10-06,8.751079861,17.27097917,18.99082,0.28
2018-10-07,8.561326389,18.13133333,24.8781333333333,0.45
2018-10-08,8.431625,18.71610417,23.0688104166667,0.41
2018-10-09,8.348804461,18.99627083,23.0398729166667,0.26
2018-10-10,8.292663194,18.92289583,22.8288625,0.38
2018-10-11,8.213815972,18.94789583,22.0763958333333,16.4
2018-10-12,8.965631944,15.86595833,14.3514020833333,1.13
2018-10-13,9.627472222,13.17279167,10.01509375,1.76
2018-10-14,10.05879861,11.83522917,8.90147291666667,0.89
2018-10-15,9.629701149,NA,14.92555625,1.89
2018-10-16,9.23624483,NA,16.5434,0.13
2018-10-17,NA,NA,NA,0.15
2018-10-18,NA,NA,NA,0.25
2018-10-19,NA,NA,NA,0.32
2018-10-20,NA,NA,NA,0.62
2018-10-21,NA,NA,NA,0.94
2018-10-22,NA,NA,NA,0.2
2018-10-23,NA,NA,NA,0.33
2018-10-24,NA,NA,NA,0.42
2018-10-25,NA,NA,NA,0.1
2018-10-26,NA,NA,6.89768,4.05
2018-10-27,NA,NA,7.63670625,31.45
2018-10-28,NA,NA,10.2049791666667,0.58
2018-10-29,NA,NA,11.0742020833333,0.44
2018-10-30,NA,NA,9.33225625,0.44
2018-10-31,NA,NA,12.2288520833333,0.1
2018-11-01,NA,NA,16.79686875,0.16
2018-11-02,9.055502063,NA,18.7614958333333,14.84
2018-11-03,9.970986111,11.85329167,10.069125,2.57
2018-11-04,10.79575347,9.401895833,NA,0.25
2018-11-05,10.48192014,10.28522917,NA,18.39
2018-11-06,10.03372004,NA,NA,7.92
2018-11-07,10.21858631,10.97295833,NA,0.17
2018-11-08,10.37602569,10.65191667,NA,0.12
2018-11-09,10.63846315,9.419088889,6.6779,11.35
2018-11-10,10.93870833,NA,NA,0.16
2018-11-11,11.79729861,6.021395833,NA,0.2
2018-11-12,11.73856944,6.366,NA,2.11
2018-11-13,11.2099375,7.647583333,NA,14.05
2018-11-14,11.52668172,7.186375,NA,0.28
2018-11-15,12.61311458,3.7536875,NA,36
2018-11-16,12.11695049,NA,2.4335,8.91
2018-11-17,11.82810417,5.845145833,NA,0.37
2018-11-18,11.87709028,5.9016875,NA,0.35
2018-11-19,11.52149653,6.878844444,NA,0.24
2018-11-20,11.29703125,7.476458333,NA,0.23
2018-11-21,11.66171587,6.487458333,NA,0.25
2018-11-22,12.075125,5.6893125,NA,0
2018-11-23,12.57845139,4.259625,NA,0
2018-11-24,12.39519444,4.085791667,NA,28.73
2018-11-25,11.63580903,6.359979167,NA,0.72
2018-11-26,11.14410069,7.782229167,NA,1.2
2018-11-27,11.54319444,6.427979167,NA,0.29
2018-11-28,12.19946181,4.491333333,NA,0
2018-11-29,12.54823897,3.8560625,NA,0.16
2018-11-30,12.13501459,NA,NA,0.63
2018-12-01,11.90870833,5.5174,NA,1.5
2018-12-02,11.44929167,6.89175,NA,1.21
2018-12-03,11.16770167,7.645155556,NA,0.28
2018-12-04,11.66376389,6.35375,NA,0.19
2018-12-05,12.14722917,4.946444444,NA,0.88
2018-12-06,12.35869097,4.530083333,NA,0.2
2018-12-07,12.48315625,4.258979167,NA,0.21
2018-12-08,13.18582986,2.699333333,NA,0.3
2018-12-09,13.14896181,2.588479167,NA,0.08
2018-12-10,13.24337413,NA,NA,0.88
2018-12-11,NA,NA,NA,0.46
2018-12-12,NA,NA,NA,0.6
2018-12-13,NA,NA,NA,1.23
2018-12-14,12.38711712,NA,NA,1.2
2018-12-15,12.00086775,NA,NA,52.77
2018-12-16,11.56180208,NA,NA,25.07
2018-12-17,11.61428819,NA,NA,0.34
2018-12-18,12.03761987,NA,NA,0.32
2018-12-19,12.28755466,NA,NA,0.74
2018-12-20,11.94827431,NA,1.129,3.22
2018-12-21,11.22822569,NA,NA,44.71
2018-12-22,11.20536806,NA,NA,0.29
2018-12-23,11.79518056,NA,NA,0.78
2018-12-24,11.73248609,NA,NA,0.62
2018-12-25,12.09720139,NA,NA,0.58
2018-12-26,12.39080556,NA,NA,1.1
2018-12-27,12.35005208,NA,NA,0.66
2018-12-28,11.65982986,NA,NA,14.32
2018-12-29,11.42689236,NA,NA,0
2018-12-30,11.84826736,NA,NA,0.3
2018-12-31,11.82787847,NA,NA,4.82
2019-01-01,11.09647917,NA,NA,0.33
2019-01-02,11.47091667,NA,NA,0.17
2019-01-03,11.51680903,NA,NA,0.09
2019-01-04,11.83387847,NA,NA,0.73
2019-01-05,11.33099653,NA,NA,7.37
2019-01-06,11.74734028,NA,NA,0.2
2019-01-07,12.30604167,NA,NA,0.22
2019-01-08,11.98058354,NA,NA,0.71
2019-01-09,11.71264583,NA,NA,0
2019-01-10,12.9115,NA,NA,0
2019-01-11,13.42262847,NA,NA,0
2019-01-12,13.46588746,NA,NA,0
2019-01-13,13.64154514,NA,NA,0
2019-01-14,13.35989236,NA,NA,0
2019-01-15,13.39824653,NA,NA,0
2019-01-16,13.53229514,NA,NA,0
2019-01-17,13.0384375,NA,NA,0
2019-01-18,12.86409028,NA,NA,0
2019-01-19,12.68902431,NA,NA,0
2019-01-20,12.58277778,NA,NA,0
2019-01-21,14.00607639,NA,NA,0
2019-01-22,14.16325,NA,NA,0
2019-01-23,13.5555625,NA,NA,0.14
2019-01-24,12.37734722,4.109708333,NA,5.28
2019-01-25,12.87753125,3.047895833,NA,0.1
2019-01-26,13.26532986,2.1435,NA,0
2019-01-27,12.99630564,2.712652174,8.1374,0
2019-01-28,13.01449306,2.613458333,NA,0
2019-01-29,13.22379861,1.846270833,NA,0.58
2019-01-30,13.79227778,NA,NA,0.2
2019-01-31,14.02870139,NA,NA,0
2019-02-01,14.08057612,NA,NA,0.02
2019-02-02,14.03252431,NA,NA,0.02
2019-02-03,13.46745139,1.599177778,NA,0.02
2019-02-04,13.00267774,NA,9.6419,0
2019-02-05,12.18953125,5.347958333,NA,0.12
2019-02-06,11.73827298,NA,14.9305,0.41
2019-02-07,11.32855103,7.891822222,12.00785,0.38
2019-02-08,11.21761987,8.13875,NA,0.61
2019-02-09,13.00932986,3.278958333,NA,0.29
2019-02-10,13.80763889,1.251680851,NA,0
2019-02-11,13.19521907,2.412212766,NA,4.01
2019-02-12,12.88469772,NA,1.4922,8.04
2019-02-13,12.47444792,4.031,NA,0.48
2019-02-14,12.7709375,3.357729167,NA,0
2019-02-15,11.87474306,5.991355556,NA,0.2
2019-02-16,11.95123264,5.6430625,NA,0.18
2019-02-17,12.91278819,2.990854167,NA,0.49
2019-02-18,12.44517357,NA,NA,1.84
2019-02-19,12.94700694,3.4360625,NA,0
2019-02-20,13.60873958,NA,NA,15.42
2019-02-21,13.30493403,1.8773125,NA,0.35
2019-02-22,12.74021875,3.875911111,NA,0.04
2019-02-23,12.68305556,NA,NA,0.58
2019-02-24,12.33787147,NA,18.7019,8.08
2019-02-25,NA,NA,NA,0
2019-02-26,12.5,NA,NA,0
2019-02-27,12.52030556,4.2093125,NA,0.12
2019-02-28,12.2247929,4.81206383,NA,0.18
2019-03-01,12.51058681,3.962666667,NA,4.3
2019-03-02,12.40757723,NA,NA,3.75
2019-03-03,12.26400347,4.561145833,NA,4.01
2019-03-04,12.40402083,4.162177778,NA,0.91
2019-03-05,12.80091319,3.149541667,NA,0.02
2019-03-06,13.35419444,1.708333333,NA,0.15
2019-03-07,13.35701937,1.987326087,NA,0.04
2019-03-08,13.10305208,2.578625,NA,0.63
2019-03-09,12.91371528,3.137416667,NA,0
2019-03-10,12.19815972,5.252458333,NA,2.55
2019-03-11,11.859625,6.335875,NA,0.29
2019-03-12,12.10413889,5.703104167,NA,0.12
2019-03-13,12.25276042,5.437625,NA,0.14
2019-03-14,11.39340278,8.0746875,NA,0.26
2019-03-15,10.40277778,10.9806875,NA,0.41
2019-03-16,11.04978472,8.916833333,NA,0.27
2019-03-17,11.87873264,6.403104167,NA,0
2019-03-18,11.91107639,6.334958333,NA,0.1
2019-03-19,12.5063367,NA,NA,0.03
2019-03-20,NA,5.641375,NA,0.08
2019-03-21,NA,5.848288889,NA,32.1
2019-03-22,11.00984099,6.85873913,NA,1.41
2019-03-23,11.5471875,6.348854167,NA,0.08
2019-03-24,11.48113542,6.884291667,NA,0.08
2019-03-25,10.97780556,8.2033125,NA,0.06
2019-03-26,11.26769792,7.488041667,NA,0.3
2019-03-27,11.74978125,6.19575,NA,0
2019-03-28,11.49636111,7.026833333,NA,0.15
2019-03-29,10.88561111,8.700541667,NA,0.08
2019-03-30,10.42827778,10.41272917,NA,0.34
2019-03-31,10.22123958,10.8814375,NA,0.39
2019-04-01,11.50755087,NA,NA,0.14
2019-04-02,11.75952778,6.0510625,NA,0.15
2019-04-03,11.35997917,7.4304375,NA,0.17
2019-04-04,11.0151875,8.807833333,NA,0.12
2019-04-05,10.89548297,8.5485,NA,2.17
2019-04-06,10.78310417,9.519958333,NA,0.1
2019-04-07,10.08956944,12.0971875,NA,0.41
2019-04-08,9.478720809,14.00468085,NA,1.09
2019-04-09,9.345760417,14.304125,NA,0.48
2019-04-10,9.764635417,12.6423125,NA,0.14
2019-04-11,10.15029524,11.43016667,NA,0.26
2019-04-12,9.959684028,11.97733333,NA,3.53
2019-04-13,9.556444444,13.80779167,NA,4.49
2019-04-14,9.489513889,13.61177083,NA,18.5
2019-04-15,9.654067135,NA,NA,1.29
2019-04-16,10.54681552,11.03179167,NA,0.08
2019-04-17,10.28695761,12.83470833,NA,0.35
2019-04-18,10.1502901,13.17683333,NA,0.34
2019-04-19,9.694217573,14.315375,NA,25.61
2019-04-20,9.650778078,14.9245625,NA,1.7
2019-04-21,10.08634091,12.9651875,NA,0.15
2019-04-22,10.18668605,13.09258333,NA,0.4
2019-04-23,9.949769929,13.9126875,NA,0.3
2019-04-24,9.730375375,14.61545833,NA,0.34
2019-04-25,9.762695789,13.8089375,NA,0.32
2019-04-26,9.489701885,14.05564583,NA,5.65
2019-04-27,9.84421875,12.8508125,NA,0.2
2019-04-28,9.773604167,13.36847917,NA,2.47
2019-04-29,10.27418056,11.8594375,NA,0.26
2019-04-30,9.88728125,13.1814375,NA,0.08
2019-05-01,9.527066991,14.66997917,NA,0.38
2019-05-02,9.251455497,15.67277083,NA,0.77
2019-05-03,8.932673611,16.8526875,NA,0.66
2019-05-04,8.938708333,16.60997917,NA,5.09
2019-05-05,9.076708333,15.72341667,NA,17.56
2019-05-06,9.350461806,15.19175,NA,0.66
2019-05-07,9.358253472,15.34870833,NA,0.14
2019-05-08,9.329583333,15.31433333,NA,2.09
2019-05-09,9.342944444,15.26647917,NA,0.7
2019-05-10,9.052256944,16.36571111,NA,3.22
2019-05-11,9.257902778,15.36397917,NA,0.15
2019-05-12,9.554770674,13.64314583,NA,8.71
2019-05-13,9.897819444,12.40304167,NA,6.95
2019-05-14,10.00838194,12.27522917,NA,0.49
2019-05-15,10.11977778,12.00839583,NA,0.34
2019-05-16,9.868323801,NA,19.9035263157895,0.93
2019-05-17,9.558680556,14.12935417,16.2844666666667,0.35
2019-05-18,9.23421875,15.568875,19.44240625,4.34
2019-05-19,8.926090278,17.01602083,21.8630979166667,0.78
2019-05-20,8.683802083,17.94052083,22.9029104166667,1.17
2019-05-21,9.095368056,16.110875,16.4639708333333,0.53
2019-05-22,9.522645833,14.50370833,14.80100625,0.43
2019-05-23,9.157795549,15.81597917,19.1513208333333,1.22
2019-05-24,8.856868056,17.14760417,20.23325625,2.92
2019-05-25,8.841663194,17.31091667,19.8702979166667,11.16
2019-05-26,8.835958333,17.60789583,21.4790416666667,0.83
2019-05-27,8.802739583,17.56058333,20.4236291666667,0.78
2019-05-28,8.646510417,18.04741667,21.5519979166667,1.94
2019-05-29,8.476107639,18.70591667,22.6204833333333,0.73
2019-05-30,8.575090514,18.09186667,20.3337875,3.03
2019-05-31,8.673503472,17.77985417,19.4346020833333,1.03
2019-06-01,8.724167679,NA,19.0907375,0.17
2019-06-02,8.789909722,NA,18.61455,4.62
2019-06-03,9.124944444,NA,15.2960729166667,0.43
2019-06-04,9.388587598,NA,14.2127125,0.13
2019-06-05,9.08815561,16.02458333,18.2005895833333,0.54
2019-06-06,8.756489583,17.469125,21.3230041666667,0.6
2019-06-07,8.757600694,17.48352083,19.4358895833333,0.25
2019-06-08,8.834960083,17.45320833,19.5645104166667,0.53
2019-06-09,8.895458333,17.2118125,18.4790333333333,7.73
2019-06-10,9.076864583,16.5724375,17.1688458333333,7.38
2019-06-11,9.030079861,16.7825625,18.07401875,2.6
2019-06-12,9.205444444,15.98483333,16.0378770833333,0.54
2019-06-13,9.072082783,NA,16.9160291666667,6.46
2019-06-14,9.19621875,15.73039583,16.9573020833333,0.73
2019-06-15,9.283322906,15.45010417,16.6471083333333,0.47
2019-06-16,8.819635417,17.36954167,20.9886875,0.83
2019-06-17,8.613111111,18.45433333,21.7719791666667,0.59
2019-06-18,8.563395833,18.70070833,21.4319875,0.89
2019-06-19,8.462975699,19.11075,21.9939125,0.85
2019-06-20,8.198264415,19.6405,22.603925,0.65
2019-06-21,8.380326389,19.25645833,21.52830625,0.68
2019-06-22,8.726555556,17.933375,18.61980625,0.27
2019-06-23,8.848083333,17.39785417,18.2049395833333,0.04
2019-06-24,8.543085476,18.58266667,20.7752979166667,2.39
2019-06-25,8.364869695,NA,22.1002395833333,4.16
2019-06-26,8.415385417,19.46452083,21.4085729166667,0.15
2019-06-27,8.32865625,20.20629167,22.75246875,0
2019-06-28,8.333595974,20.11670833,21.0790791666667,0
2019-06-29,8.301920139,20.35414583,22.4968604166667,0
2019-06-30,8.173381944,20.84822917,22.8225125,0
2019-07-01,8.446358582,19.56402083,19.9351270833333,0
2019-07-02,8.384986111,19.73825,21.4643833333333,0
2019-07-03,8.179100694,20.72810417,22.5303354166667,0
2019-07-04,8.113284722,21.22633333,23.1255291666667,0
2019-07-05,8.26559375,20.64210417,22.3885333333333,0
2019-07-06,8.134239583,21.060375,22.7515583333333,0
2019-07-07,8.105576389,21.04658333,22.7319041666667,0
2019-07-08,8.179541667,20.62883333,21.9005333333333,0
2019-07-09,8.447621528,19.7405,20.7149520833333,0
2019-07-10,8.257586806,20.69785417,22.8635645833333,0
2019-07-11,8.075376884,NA,23.28619375,0
2019-07-12,8.208684028,20.53741667,21.8898229166667,0.24
2019-07-13,8.258920139,20.73170833,21.85614375,0.24
2019-07-14,8.319034722,21.1219375,22.6702354166667,0.2
2019-07-15,8.332232639,21.170375,22.4828145833333,0.19
2019-07-16,8.222885417,21.58910417,23.3575291666667,0.55
2019-07-17,8.113834527,NA,24.0987090909091,5.82
2019-07-18,NA,NA,24.2865,0
2019-07-19,7.818110945,NA,27.6673260869565,0
2019-07-20,7.866708333,23.295875,25.6110729166667,0
2019-07-21,7.773567211,23.01766667,24.21335625,0
2019-07-22,8.034680556,21.875875,22.3758875,0
2019-07-23,8.247520833,20.46225,19.6087958333333,0
2019-07-24,8.471486891,NA,18.9654791666667,0
2019-07-25,8.792569444,18.7555625,18.19134375,0
2019-07-26,8.731649306,19.06004167,19.3504291666667,0
2019-07-27,8.555777778,19.85264583,20.971925,0
2019-07-28,8.350142361,20.68902083,22.23214375,0
2019-07-29,8.231329861,21.09058333,22.59264375,0
2019-07-30,8.160363701,21.20395652,22.330276744186,0
2019-07-31,8.401944444,20.353375,NA,0
2019-08-01,8.482104348,20.18448936,NA,0
2019-08-02,8.305736111,20.96695833,NA,0
2019-08-03,8.209552083,21.24729167,NA,0
2019-08-04,8.189475694,21.30497917,NA,0
2019-08-05,8.51799693,NA,NA,0
2019-08-06,8.52896875,20.87175,NA,0
2019-08-07,8.478763889,20.86029167,NA,0
2019-08-08,8.508833333,20.69310417,NA,0
2019-08-09,8.466,20.77502083,NA,0
2019-08-10,8.80235335,19.26385417,NA,0
2019-08-11,8.934833333,18.61670833,NA,0
2019-08-12,8.766,19.15347917,NA,0
2019-08-13,8.367857639,20.86316667,NA,0
2019-08-14,8.320100694,21.24870833,NA,0
2019-08-15,8.484555247,21.08933333,NA,0
2019-08-16,8.554753472,20.86979167,NA,0
2019-08-17,8.386003472,21.6005,NA,0
2019-08-18,8.283211806,22.17097917,NA,0
2019-08-19,8.384010417,21.668625,NA,0
2019-08-20,8.300861111,22.16275,25.8208,0
2019-08-21,8.289357639,22.04685417,23.4806708333333,0
2019-08-22,8.231137241,22.11,23.1619875,0
2019-08-23,8.600881944,20.5879375,18.8883458333333,0
2019-08-24,9.186973273,18.2423125,16.9014458333333,0
2019-08-25,9.379340278,17.24745833,16.0233541666667,0
2019-08-26,9.243660406,NA,16.8719354166667,0
2019-08-27,8.826858144,18.14051064,18.8172145833333,0
2019-08-28,8.524642361,19.39754167,20.8082125,0
2019-08-29,8.758177083,18.527625,18.0539229166667,0
2019-08-30,8.839854167,17.93202083,18.5467083333333,0
2019-08-31,8.492072917,19.5123125,20.7845729166667,0
2019-09-01,8.53178125,19.47295833,19.7621041666667,0
2019-09-02,8.393307853,20.06620833,21.7051645833333,0
2019-09-03,8.274147391,NA,19.5510875,0
2019-09-04,7.783071672,NA,22.9377854166667,0
2019-09-05,7.926388889,20.52864583,20.0347375,0
2019-09-06,8.155006944,19.2881875,18.9793958333333,0
2019-09-07,8.213319444,18.88145833,18.98208125,0
2019-09-08,8.389305556,18.19679167,18.03011875,0
2019-09-09,8.223564734,19.13347917,19.9576270833333,0
2019-09-10,8.092020833,19.74020833,21.5528729166667,0
2019-09-11,7.775173611,20.81877083,22.6698416666667,0
2019-09-12,7.709975669,21.29834043,23.1438375,0
2019-09-13,7.820055556,20.916,20.2034208333333,0
2019-09-14,8.197975694,19.34872917,19.273625,0
2019-09-15,8.015916667,19.85202083,20.39734375,0
2019-09-16,8.042994849,19.15911111,20.1936270833333,0
2019-09-17,7.8641875,19.68841667,20.0642270833333,0
2019-09-18,8.368774306,17.845875,16.4817041666667,0
2019-09-19,8.65796875,16.55883333,15.6401354166667,0
2019-09-20,8.845545139,15.62572917,15.4437791666667,0
2019-09-21,8.406885417,17.22954167,19.1680541666667,0
2019-09-22,7.806239583,19.3971875,21.6780020833333,0
2019-09-23,7.537975694,20.0846875,22.0672208333333,0
2019-09-24,7.701899306,19.17554167,18.5155541666667,0
2019-09-25,8.227149306,16.80716667,16.4847729166667,0
2019-09-26,7.966013889,17.5645,18.94691875,0
2019-09-27,8.103972222,17.1536875,17.5324354166667,0
2019-09-28,7.748416667,18.3949375,21.26275,0
2019-09-29,7.541666667,19.56085417,21.75201875,0
2019-09-30,7.444024306,19.6313125,20.0220354166667,0
2019-10-01,7.76341129,NA,20.3517583333333,0
2019-10-02,7.592756944,20.46945833,22.83446875,0
2019-10-03,7.406972222,20.8606875,23.2656895833333,0
2019-10-04,7.540472222,20.25045833,20.5084875,0
2019-10-05,8.796513889,15.48920833,11.1916770833333,0
2019-10-06,8.773871528,15.69497917,16.0391541666667,0
2019-10-07,8.361791667,17.33951111,18.86755,0
2019-10-08,8.895569444,15.56570833,12.5253645833333,0
2019-10-09,9.308090278,14.4601875,12.89345,0
2019-10-10,9.5178125,13.3879375,11.5952708333333,0
2019-10-11,9.364527778,13.68366667,12.9721041666667,0
2019-10-12,9.425402778,13.27970833,12.75725,0
2019-10-13,9.601298611,12.81185417,11.2048333333333,0
2019-10-14,9.647081514,NA,10.9450918918919,0
2019-10-15,9.724385417,12.14704167,11.7033416666667,0
2019-10-16,9.561111111,12.53758333,12.1115166666667,0
2019-10-17,10.05578472,11.03385417,10.4774125,0
2019-10-18,10.31686806,10.14997917,9.3265125,0
2019-10-19,10.58453472,9.497625,7.92113125,0
2019-10-20,10.10763194,11.01060417,10.71728125,0
2019-10-21,9.845388889,NA,12.5890875,0
2019-10-22,9.512322917,12.83222917,13.0584645833333,10.36
2019-10-23,9.92178125,11.951,10.6638895833333,0.43
2019-10-24,10.48553819,10.1244375,9.16318125,0
2019-10-25,10.22040625,10.7945625,10.8894625,0.1
2019-10-26,9.759298611,12.272875,12.9872375,0.05
2019-10-27,9.351420139,13.8505625,16.3927104166667,14.4
2019-10-28,9.680912134,NA,12.3399208333333,0.08
2019-10-29,9.573579861,12.95154167,14.07074375,0.11
2019-10-30,9.276276485,13.6695,14.07084375,2.24
2019-10-31,8.873864583,15.36370833,17.8653333333333,17.88
2019-11-01,10.14079514,11.8338125,7.61906666666667,2.67
2019-11-02,11.31269097,7.7463125,3.31394791666667,0.1
2019-11-03,11.49119792,7.08975,4.61996458333333,0.21
2019-11-04,11.63096181,6.6614375,5.94003333333333,0.31
2019-11-05,11.22500694,7.471458333,8.08965,0.85
2019-11-06,11.04132292,8.158333333,7.63622708333333,0.26
2019-11-07,10.79168056,8.7791875,9.95432291666667,0.93
2019-11-08,11.48276389,7.179875,2.78591875,0.37
2019-11-09,12.76836806,3.637291667,-0.7942375,0.28
2019-11-10,12.18005208,4.850833333,5.45751666666667,0.3
2019-11-11,11.31465625,7.050354167,10.3514708333333,0.87
2019-11-12,11.05471181,7.772604167,6.59229375,0.97
2019-11-13,13.28160277,2.329844444,-3.62393404255319,0.22
2019-11-14,13.60273958,1.5278125,-1.183375,0.12
2019-11-15,12.97077778,2.914208333,2.65310833333333,0.75
2019-11-16,12.76238889,3.4215625,1.53202916666667,0.73
2019-11-17,13.01545833,2.86,-0.271525,0.4
2019-11-18,12.34484722,4.2436875,2.79954375,0.16
2019-11-19,11.97471344,5.301645833,4.39779791666667,1.28
2019-11-20,11.61815972,6.355104167,6.326175,0.14
2019-11-21,12.05564583,5.353916667,4.85009375,0.32
2019-11-22,11.43934028,6.677416667,8.78182708333333,0.14
2019-11-23,12.36277778,4.467479167,1.00355625,0.25
2019-11-24,12.02835359,5.050854167,4.17656041666667,2.05
2019-11-25,12.02515468,NA,4.83675833333333,0.61
2019-11-26,11.29902431,5.195354167,6.86773333333333,0.58
2019-11-27,10.64967562,6.887369565,8.80337916666667,0.17
2019-11-28,10.8444375,6.1583125,7.07603333333333,0.18
2019-11-29,11.29084375,4.966666667,4.43260625,0.32
2019-11-30,11.03489406,5.553958333,4.52744166666667,0.14
2019-12-01,11.15717361,5.137979167,2.94471666666667,1.97
2019-12-02,11.07900694,5.632895833,3.86898958333333,0.85
2019-12-03,11.32222222,4.933333333,3.86877659574468,0.13
2019-12-04,11.57288889,4.1535,2.70859583333333,0.6
2019-12-05,11.63816256,4.172333333,3.36062291666667,0.17
2019-12-06,11.91636111,3.709625,4.70081666666667,0.23
2019-12-07,11.81877778,4.118,2.05624375,0.44
2019-12-08,12.72829167,1.917916667,0.352904166666667,0.12
2019-12-09,12.14634652,NA,3.65476666666667,1.2
2019-12-10,11.04140461,6.045659574,9.01437083333333,1.02
2019-12-11,11.78221875,4.529916667,0.615275,1.12
2019-12-12,13.05301736,1.431875,-2.66808541666667,0.78
2019-12-13,12.91898646,1.428208333,-0.775920833333333,0.09
2019-12-14,12.03352778,3.161916667,2.24408333333333,1.51
2019-12-15,11.60487847,4.708541667,6.14944583333333,0.18
2019-12-16,12.23423611,3.224916667,0.331145833333333,0.87
2019-12-17,11.99566957,3.622638298,1.083375,0.27
2019-12-18,12.50808681,2.26825,-0.337383333333333,0.3
2019-12-19,13.34465278,0.280020833,-4.21298541666667,0.16
2019-12-20,13.23646528,0.146625,-3.75304375,0.69
2019-12-21,13.34296181,0.181208333,-1.98208333333333,0.15
2019-12-22,13.15128472,0.185208333,-0.579152083333333,0.46
2019-12-23,13.20587786,NA,1.1207625,0.71
2019-12-24,12.64724306,1.568375,2.60329583333333,0.33
2019-12-25,12.69448611,1.6345625,1.46447291666667,0.55
2019-12-26,12.42542361,2.367770833,3.85995416666667,0.39
2019-12-27,11.44835764,5.028916667,9.03057291666667,0.35
2019-12-28,11.11536806,6.015875,8.65339375,0.07
2019-12-29,10.71083333,7.1145625,9.19054791666667,1.57
2019-12-30,10.18970486,8.513791667,11.0656416666667,0.63
2019-12-31,10.48825694,7.680520833,6.59355,0.17
2020-01-01,11.38149306,4.909270833,3.18410208333333,0.21
2020-01-02,12.11786806,3.066916667,2.42779583333333,0.55
2020-01-03,11.11642361,5.65173913,7.97275,0.5
2020-01-04,10.47076389,7.8088125,10.4997458333333,1.64
2020-01-05,11.29155208,5.553291667,3.15164166666667,0.55
2020-01-06,11.96371181,3.569270833,2.5972375,0.7
2020-01-07,12.70417708,1.597979167,-1.0725375,1.25
2020-01-08,13.02910069,0.8710625,-0.580797916666667,0.55
2020-01-09,13.32837226,0.335222222,-3.99352708333333,1.13
2020-01-10,13.1180625,0.963833333,2.6230625,0.13
2020-01-11,11.08792361,6.802708333,13.4185354166667,0.06
2020-01-12,9.900413194,10.448875,15.6980333333333,4.16
2020-01-13,11.08542361,6.743958333,5.15669791666667,0.29
2020-01-14,11.11190625,6.394,5.90861875,0.65
2020-01-15,11.05398611,6.573,6.28929375,0.13
2020-01-16,11.00763542,6.518583333,7.84069166666667,0.18
2020-01-17,12.59037847,2.45025,-0.7397375,0.44
2020-01-18,13.26932592,0.5825625,-2.92928958333333,0.87
2020-01-19,12.721625,1.441416667,0.702235416666667,0.31
2020-01-20,13.09107986,0.322291667,-4.35880833333333,0.19
2020-01-21,12.10251042,0.143833333,-5.91752708333333,0.73
2020-01-22,11.19693403,0.140895833,-4.82009583333333,0.64
2020-01-23,16.73255403,NA,-1.44190416666667,0.7
2020-01-24,13.22954514,0.19425,1.84125833333333,0.18
2020-01-25,12.30828125,3.429791667,5.93797916666667,40.27
2020-01-26,12.18634028,3.815479167,1.97113125,0.27
2020-01-27,12.05245833,4.060666667,3.6641875,0.41
2020-01-28,12.04019792,4.076354167,3.62718333333333,0.12
2020-01-29,12.18035417,3.769541667,2.41930208333333,0.16
2020-01-30,12.97908681,1.82875,-1.40866666666667,0.63
2020-01-31,12.72253819,2.476541667,1.37206458333333,0.02
2020-02-01,12.65389583,2.400645833,0.694395833333333,1.14
2020-02-02,12.06259028,3.7176875,4.30558333333333,0.45
2020-02-03,11.372125,5.752145833,12.7658270833333,1.03
2020-02-04,10.64508333,8.033958333,14.30096875,0.28
2020-02-05,10.58028472,8.234979167,7.59485625,0.21
2020-02-06,11.58228448,5.095369565,3.36114791666667,2.51
2020-02-07,11.05563889,6.675979167,6.69618125,6.62
2020-02-08,12.22810069,3.934,0.583229166666667,0.84
2020-02-09,12.40405903,3.739020833,1.58859375,0.48
2020-02-10,11.92343403,4.91625,5.51737708333333,0.58
2020-02-11,11.27193403,6.663729167,8.34835,1.39
2020-02-12,11.66594444,5.6151875,3.42148125,0.29
2020-02-13,11.40324653,6.107145833,7.10218541666667,0.51
2020-02-14,11.99426042,4.731,1.16471875,0.5
2020-02-15,13.5239375,0.784145833,-5.02122708333333,0.45
2020-02-16,13.12134722,1.612083333,1.22419166666667,0.12
2020-02-17,12.42142361,3.4405,3.29302291666667,0.88
2020-02-18,11.83134375,5.166645833,7.92207916666667,0.3
2020-02-19,11.44991667,6.2495,6.93123125,0.39
2020-02-20,12.66071111,NA,-0.8644,0.22
2020-02-21,13.44880208,1.212583333,-3.02298125,0.08
2020-02-22,13.43603472,0.982708333,-0.33054375,1.3
2020-02-23,13.16467014,1.761583333,2.24686041666667,0.58
2020-02-24,12.43906597,3.597520833,5.92887083333333,1.19
2020-02-25,11.40798611,6.328895833,7.77001458333333,2.81
2020-02-26,10.90602778,7.849854167,8.94609791666667,0.7
2020-02-27,11.55253125,5.963145833,3.00730208333333,4.74
2020-02-28,12.60347222,3.1034375,1.32601666666667,0.1
2020-02-29,12.92754514,2.249354167,-0.7953,0.33
2020-03-01,13.24834722,1.559916667,0.14955625,0.77
2020-03-02,12.25895434,NA,7.09362083333333,0.38
2020-03-03,11.11438194,7.187416667,10.3795666666667,0.6
2020-03-04,10.98464236,7.750979167,10.7131770833333,0.95
2020-03-05,11.32756597,6.966645833,6.95144375,0.14
2020-03-06,11.61342361,5.845083333,5.65606041666667,0.78
2020-03-07,11.89908333,5.2615,4.29426666666667,0.54
2020-03-08,12.29368056,4.495020833,4.18920833333333,0.45
2020-03-09,11.46147917,6.8368125,10.8017125,0.77
2020-03-10,10.48322917,9.672333333,14.72989375,0.26
2020-03-11,10.57261806,9.367479167,9.02673333333333,0.34
2020-03-12,10.84309135,8.439291667,8.0915,0.22
2020-03-13,10.05347569,11.0253125,13.7333541666667,5.31
2020-03-14,10.716375,9.1655,8.67542083333333,0.33
2020-03-15,11.46704861,6.844979167,3.33009791666667,0.99
2020-03-16,11.95586458,5.56725,2.99142708333333,0.38
2020-03-17,11.08229861,7.947229167,9.27071666666667,0.59
2020-03-18,11.16812088,7.945166667,6.5283,0.3
2020-03-19,10.4105558,NA,13.5088,1.91
2020-03-20,9.064399306,14.07808333,21.2337229166667,0.59
2020-03-21,9.595951389,12.21991667,11.0763729166667,0.09
2020-03-22,10.74081944,8.354354167,5.1527875,0.52
2020-03-23,10.90982292,7.558458333,4.93859166666667,0.32
2020-03-24,10.76036111,8.1535625,6.90105833333333,0.31
2020-03-25,10.57796181,8.251708333,6.11842291666667,2.89
2020-03-26,10.59441319,8.671354167,7.71871666666667,0.2
2020-03-27,10.00696181,10.58875,11.7166895833333,0.62
2020-03-28,9.612711806,12.2845,12.8109208333333,4.92
2020-03-29,9.475180556,12.79152083,13.8322854166667,0.36
2020-03-30,9.474267361,12.7821875,14.7137958333333,0.55
2020-03-31,9.995465278,10.59779167,9.23757291666667,0.28
2020-04-01,10.47376736,8.897333333,6.09615833333333,2.76
2020-04-02,10.48951042,8.994083333,7.78818958333333,0.26
2020-04-03,10.33152083,9.49225,11.1029458333333,0.38
2020-04-04,10.19236806,10.18902083,9.24939375,0.26
2020-04-05,9.904739583,11.27597917,11.6707166666667,0.39
2020-04-06,9.484357639,12.9206875,12.9699916666667,0.29
2020-04-07,9.439427083,12.62741667,14.0406229166667,0.5
2020-04-08,9.105298611,13.95733333,16.54945625,3.64
2020-04-09,9.18443016,13.33539583,12.7493270833333,1.31
2020-04-10,10.34032632,8.879804348,6.35464375,0.19
2020-04-11,10.51291421,8.721333333,7.91307291666667,0.78
2020-04-12,10.05932639,10.32191667,11.55863125,0.29
2020-04-13,9.209309028,13.51177083,17.1428354166667,21.25
2020-04-14,9.877923611,11.57841667,8.96425625,0.39
2020-04-15,10.34157675,9.780553191,4.59446875,2.32
2020-04-16,10.53341319,9.186041667,5.64023958333333,0.62
2020-04-17,10.79857292,8.377604167,6.21026666666667,0.11
2020-04-18,10.26816667,9.743958333,8.18177916666667,0.47
2020-04-19,10.63648958,8.7118125,7.40259166666667,0.08
2020-04-20,9.987420139,10.7404375,10.8967022222222,0.47
2020-04-21,9.970135417,10.53020833,11.4414895833333,0.7
2020-04-22,10.43711806,9.2688125,7.86474583333333,0.96
2020-04-23,10.29342014,9.681791667,9.33221041666667,1.09
2020-04-24,9.924954861,NA,11.0008895833333,4.83
2020-04-25,9.933368056,11.34464583,11.10380625,0.12
2020-04-26,9.816736111,11.25,9.94630833333333,8.14
2020-04-27,10.26069097,10.01958333,8.27807291666667,2.19
2020-04-28,10.53728725,9.204145833,7.81732708333333,0.21
2020-04-29,10.20537847,10.7093125,11.48509375,0.18
2020-04-30,9.46003125,12.54572917,14.53039375,28.09
2020-05-01,9.812583333,11.64010417,11.5827875,1.74
2020-05-02,9.841895833,12.10989583,13.29623125,0.15
2020-05-03,9.498916667,13.07579167,16.8165833333333,0.54
2020-05-04,9.252722222,14.2245625,16.5342083333333,10.07
2020-05-05,9.817211806,11.75685417,9.69806041666667,0.71
2020-05-06,10.00170486,10.828,8.68800833333333,1.58
2020-05-07,10.13983333,10.69210417,9.64897083333333,0
2020-05-08,9.913329861,11.04766667,11.8160979166667,0.3
2020-05-09,10.80814236,8.191916667,3.79480208333333,1
2020-05-10,10.78968403,8.548541667,7.57976458333333,0.63
2020-05-11,10.15310417,10.43770833,9.5494875,0.22
2020-05-12,10.39189583,9.832125,8.77757708333333,0.07
2020-05-13,10.25772569,10.40808333,10.2908833333333,0.24
2020-05-14,9.794065972,11.99520833,13.47153125,0.18
2020-05-15,8.896715278,15.32975,19.7240645833333,0.16
2020-05-16,8.470930556,17.0060625,19.4884458333333,0.59
2020-05-17,8.64578125,16.1250625,17.1177291666667,0.23
2020-05-18,8.857527778,14.93516667,15.1078229166667,0.08
2020-05-19,9.127541667,14.01691667,14.9068625,0.75
2020-05-20,9.597930556,12.4329375,12.3242145833333,0.79
2020-05-21,9.642920139,12.02208889,11.72195,0.05
2020-05-22,9.2261875,13.5328,15.6025604166667,21.89
2020-05-23,9.129961806,14.749,17.9399458333333,12.42
2020-05-24,9.168329861,14.63402083,16.4458041666667,1.4
2020-05-25,9.088420139,15.159,16.9577583333333,0.85
2020-05-26,8.769361111,16.46464583,19.4012729166667,0.13
2020-05-27,8.674510417,16.6536875,19.3222979166667,0.71
2020-05-28,8.326118056,17.89252083,22.0862583333333,10.37
2020-05-29,8.072326389,18.97254167,23.2335833333333,1.03
2020-05-30,8.175234456,18.3719375,19.539275,0.2
2020-05-31,8.626454861,16.40089583,16.0898958333333,1.08
2020-06-01,9.058600694,14.59285417,13.8129333333333,0.17
2020-06-02,8.894274306,15.0795625,16.4443854166667,0.77
2020-06-03,8.13425,18.17872917,23.5575520833333,1.61
2020-06-04,7.812106375,19.64352083,22.668625,1.65
2020-06-05,8.165340278,18.5853125,20.6880833333333,37.01
2020-06-06,8.456576389,17.85033333,21.54834375,2.76
2020-06-07,8.5329375,17.4395,19.1116666666667,1.7
2020-06-08,8.644638889,16.87310417,17.9818979166667,0.45
2020-06-09,8.32721875,18.30608333,22.10474375,0.58
2020-06-10,7.874201389,20.39370833,24.9515791666667,0.36
2020-06-11,7.772340278,20.85089583,24.2112,1.88
2020-06-12,8.158687044,18.98897917,19.97243125,0.44
2020-06-13,8.518739583,17.24370833,16.66113125,0.43
2020-06-14,8.699840278,16.57175,16.2094645833333,0.98
2020-06-15,8.861653757,NA,16.5335729166667,0.8
2020-06-16,8.952190972,16.64558333,17.4909270833333,0.95
2020-06-17,8.954241056,16.38802083,16.6806833333333,8.35
2020-06-18,8.839881944,17.13010417,19.1425875,6.9
2020-06-19,8.597135417,18.21625,19.6633729166667,0.88
2020-06-20,8.515849844,18.5218125,19.7221416666667,0.44
2020-06-21,8.390020833,19.07308333,20.6709125,1.04
2020-06-22,8.166495311,20.00966667,21.8421541666667,0.54
2020-06-23,8.18209375,19.84358333,21.9409458333333,1.43
2020-06-24,8.095045139,20.13320833,21.06848125,2.19
2020-06-25,8.304748001,19.24210417,19.8894458333333,1.63
2020-06-26,8.47719697,18.89129167,19.59403125,1.11
2020-06-27,8.230854167,20.42145833,22.80724375,1.16
2020-06-28,8.068208333,20.958125,22.4357416666667,1.1
2020-06-29,8.155555556,21.07997917,22.6392083333333,1.51
2020-06-30,8.400784722,20.84812766,22.04423125,0.63
2020-07-01,8.352360335,21.21935417,22.2581604166667,0.36
2020-07-02,8.554701389,20.61940426,21.4582520833333,0.53
2020-07-03,8.526104167,21.08533333,22.8969791666667,0.45
2020-07-04,8.48925,21.78191667,23.5163541666667,0.55
2020-07-05,8.316256944,22.66008333,24.5270729166667,0.62
2020-07-06,8.362722222,22.52885417,23.7515875,0.48
2020-07-07,8.313618056,22.7636875,23.8960395833333,0.31
2020-07-08,8.3105625,22.76302083,24.2246541666667,0.12
2020-07-09,8.291902778,22.6879375,24.16386875,0.75
2020-07-10,8.318305556,22.48908333,23.6359104166667,0.06
2020-07-11,8.265645833,22.54222917,23.7290541666667,0.31
2020-07-12,8.544604167,21.25027083,21.6175,1.2
2020-07-13,8.577888889,21.13179167,21.6509854166667,0.06
2020-07-14,8.616166667,21.0966875,21.8267541666667,0.61
2020-07-15,8.735715278,20.555,21.9111625,0.92
2020-07-16,8.415743056,21.79889583,24.43033125,0.59
2020-07-17,8.280263889,22.58866667,25.4383895833333,0.93
2020-07-18,8.370979167,22.4951875,24.4250854166667,0.88
2020-07-19,8.170722222,22.87102083,25.2909791666667,0.54
2020-07-20,8.026784722,23.60575,26.3390416666667,0.28
2020-07-21,8.021534722,23.74597917,25.4568604166667,1.6
2020-07-22,7.782958333,22.33466667,22.036476744186,0.98
2020-07-23,7.989603616,22.33941667,23.258175,0.8
2020-07-24,7.884520833,22.3695,22.72644375,8.18
2020-07-25,7.916583333,22.28995833,23.4701208333333,0.87
2020-07-26,8.310888889,22.82995833,23.8599479166667,1.58
2020-07-27,8.439407328,NA,24.5895,0.42
2020-07-28,7.562559036,23.24908333,24.2282354166667,0.91
2020-07-29,7.934229167,22.6925,23.3676645833333,0.66
2020-07-30,7.894076389,22.77827083,23.793,0.21
2020-07-31,7.896897899,NA,NA,NA
2020-08-01,NA,NA,NA,0
2020-08-02,NA,NA,NA,0
2020-08-03,7.915443196,NA,21.9742333333333,0.39
2020-08-04,8.110526316,21.19434043,21.5080916666667,16.93
2020-08-05,8.203036831,20.8200625,20.8443083333333,0.61
2020-08-06,8.183857639,21.30666667,21.38539375,4.19
2020-08-07,8.245854167,21.09391667,21.5686104166667,3.85
2020-08-08,8.194371528,21.20947917,21.5322166666667,0.72
2020-08-09,8.281086806,21.680875,22.9377875,0.58
2020-08-10,8.1174375,22.2785,23.4305645833333,1.53
2020-08-11,7.989055556,22.7950625,24.4240145833333,1.12
2020-08-12,7.928666667,23.21833333,24.3430791666667,0.84
2020-08-13,8.134347222,22.51435417,22.2787041666667,0.71
2020-08-14,8.208006944,22.16520833,22.56688125,0.61
2020-08-15,8.29275,21.29864583,20.3992854166667,6.98
2020-08-16,8.603052083,19.70352083,18.6839479166667,2.44
2020-08-17,8.534611111,19.8224375,19.92676875,1.26
2020-08-18,8.653982639,19.80102083,19.7532854166667,0.22
2020-08-19,8.675163194,19.8315,19.35241875,1.41
2020-08-20,8.981732639,18.540125,17.8083770833333,0.32
2020-08-21,8.61140625,19.73922917,20.9433083333333,0.37
2020-08-22,8.42484375,20.7940625,21.9319916666667,1.09
2020-08-23,8.376996528,21.15289583,22.3193979166667,0.95
2020-08-24,8.239121528,21.752,22.9755854166667,0.16
2020-08-25,8.192534722,21.821875,22.5606541666667,1.66
2020-08-26,8.413711806,20.8358125,20.5352458333333,0.3
2020-08-27,8.065266401,21.48139583,23.2648375,1.97
2020-08-28,7.702479167,22.1950625,23.4733645833333,4.64
2020-08-29,8.173715278,21.5978125,22.17378125,20.47
2020-08-30,8.350645833,20.30110417,19.4314708333333,1.29
2020-08-31,8.639659722,18.9021875,17.68078125,6.6
2020-09-01,8.787173579,NA,18.7246166666667,0.16
2020-09-02,8.115432009,NA,22.0316580645161,0.6
2020-09-03,7.845045139,21.402375,22.6340145833333,0.35
2020-09-04,7.848940972,21.33745833,21.8313625,0.49
2020-09-05,8.342052083,19.01704167,17.1626145833333,0.86
2020-09-06,8.499517361,18.0484375,17.7475208333333,0.65
2020-09-07,8.273902778,18.7274375,19.36089375,0.51
2020-09-08,8.181697917,19.12266667,19.8150083333333,0.33
2020-09-09,8.09359375,NA,20.5068645833333,0.68
2020-09-10,8.282027778,20.548875,22.4552042553191,54.65
2020-09-11,8.176986111,20.6865625,21.7464520833333,0.07
2020-09-12,8.333739583,19.64202083,18.73070625,0.67
2020-09-13,8.429326389,18.85939583,19.0957083333333,0.21
2020-09-14,8.199135116,19.60933333,19.87186875,0.23
2020-09-15,8.917756944,16.46729167,12.8534020833333,0.17
2020-09-16,9.216074627,NA,13.24989375,0
2020-09-17,8.952871528,15.6406875,15.2903,0
2020-09-18,8.750465278,NA,16.773225,0
2020-09-19,9.582194444,13.60429167,9.67759583333333,0
2020-09-20,10.21560069,11.317,8.22652083333333,0
2020-09-21,10.17072088,11.58184444,9.53069583333333,0
2020-09-22,10.17804861,11.2843125,9.62856041666667,0
2020-09-23,9.688885417,12.80014583,13.4869708333333,0
2020-09-24,9.299385417,14.21735417,15.0533708333333,0
2020-09-25,9.19584375,14.940125,15.22194375,0
2020-09-26,9.020086806,15.63082222,16.23404375,0
2020-09-27,8.957774306,15.85352083,16.2637625,0
2020-09-28,8.556163194,17.09379167,18.9802,0
2020-09-29,8.394881944,17.31413333,17.38901875,0
2020-09-30,9.355612536,NA,12.8897125,0
2020-10-01,9.342114583,14.41429167,13.58393125,0
2020-10-02,9.41715625,13.82266667,12.1621333333333,0
2020-10-03,9.911423611,11.882125,9.11103541666667,0
2020-10-04,9.901069444,11.81075,10.8522291666667,0
2020-10-05,9.460149306,12.6876875,11.919275,0
2020-10-06,9.697506944,11.87254167,10.8652395833333,0
2020-10-07,9.111496528,13.3299375,15.71378125,0
2020-10-08,8.7469375,14.14314583,14.4256770833333,0
2020-10-09,9.266472222,12.58352083,11.8483645833333,0
2020-10-10,8.915989583,13.64991667,15.0845833333333,0
2020-10-11,8.419197917,NA,17.0360854166667,0
2020-10-12,8.967979167,15.45447917,15.00045,0
2020-10-13,9.258284722,14.47889583,11.9640741935484,0
2020-10-14,9.462864583,13.15647917,NA,0
2020-10-15,9.175839416,13.71026667,NA,0
2020-10-16,8.978482639,14.24833333,NA,0
2020-10-17,10.02861111,10.856,NA,0
2020-10-18,NA,NA,NA,0
2020-10-19,9.774952246,11.37768085,NA,0
2020-10-20,9.040677193,13.64702128,NA,0
2020-10-21,8.740329381,14.93708511,NA,0
2020-10-22,8.561842289,15.59902128,NA,0
2020-10-23,8.409532123,16.00855319,NA,0
2020-10-24,8.249525802,16.03168085,NA,0
2020-10-25,9.22858885,12.85334043,NA,0
2020-10-26,9.823383103,11.20059574,NA,0
2020-10-27,9.213012302,NA,NA,0
2020-10-28,8.889897635,13.94704348,NA,0
2020-10-29,8.79418153,14.627,NA,0
2020-10-30,9.586313767,12.24297872,NA,0
2020-10-31,10.60156381,9.36293617,NA,0
2020-11-01,10.51445808,9.03493617,NA,0
2020-11-02,10.89796367,7.305595745,NA,0
2020-11-03,11.04029783,6.827638298,NA,0
2020-11-04,10.65724162,8.056446809,NA,0
2020-11-05,10.21986723,9.354319149,NA,0
2020-11-06,9.85724162,10.33821277,NA,0
2020-11-07,9.837041958,10.444,NA,0
2020-11-08,9.747518325,10.81519149,NA,0
2020-11-09,9.466626928,11.80434043,NA,0
2020-11-10,9.155778947,12.79597872,NA,0
2020-11-11,8.745918588,14.42942553,NA,0
2020-11-12,9.17618738,NA,NA,0
2020-11-13,9.851886332,11.50422917,NA,0
2020-11-14,10.56568381,9.1843125,NA,0
2020-11-15,10.35596375,9.583553191,NA,0
2020-11-16,10.403159,9.3764375,NA,0
2020-11-17,11.1548851,7.071791667,NA,0
2020-11-18,12.0073807,5.048979167,NA,0
2020-11-19,12.3903054,4.288333333,NA,0
2020-11-20,11.72012951,5.8213125,NA,0
2020-11-21,10.85635096,8.311085106,NA,0
2020-11-22,10.33622097,9.934854167,NA,0
2020-11-23,10.40367706,NA,NA,0
2020-11-24,11.42246229,6.568382979,NA,0
2020-11-25,11.37664912,6.67293617,NA,0
2020-11-26,10.44804586,9.26493617,NA,0
2020-11-27,10.42127592,9.458638298,NA,0
2020-11-28,10.70090973,8.587723404,NA,0
2020-11-29,11.56816153,6.154,NA,0
2020-11-30,10.82553139,8.203808511,NA,0
2020-12-01,11.01782196,7.807978723,NA,0
2020-12-02,11.80034083,5.59793617,NA,0
2020-12-03,12.38397527,4.28112766,NA,0.31
2020-12-04,11.60873066,6.213770833,NA,0.65
2020-12-05,11.34598949,7.013208333,NA,0.26
2020-12-06,11.79416988,5.734958333,NA,0.94
2020-12-07,12.4149805,NA,NA,0.69
2020-12-08,12.74915171,2.888553191,NA,0.53
2020-12-09,12.95960056,2.4093125,NA,0
2020-12-10,12.7845258,3.022765957,NA,0
2020-12-11,12.34228021,4.331510638,NA,0
2020-12-12,11.82563611,5.698659574,NA,0
2020-12-13,11.29475261,7.308489362,NA,0
2020-12-14,11.79141856,5.681744681,NA,0
2020-12-15,12.60312631,3.928574468,NA,0
2020-12-16,13.26266295,1.778425532,NA,0
2020-12-17,13.46235458,0.647145833,NA,0
2020-12-18,13.17037997,2.304404255,NA,0
2020-12-19,13.32026185,2.192234043,NA,0
2020-12-20,12.9343917,2.846425532,NA,0
2020-12-21,12.66318534,3.374617021,NA,0
2020-12-22,12.47650894,3.933617021,NA,0
2020-12-23,12.84240014,3.53493617,NA,0
2020-12-24,12.31343662,4.594319149,NA,0
2020-12-25,12.03641808,NA,NA,0
2020-12-26,12.96388194,2.876041667,NA,0
2020-12-27,13.18024653,2.518791667,NA,0
2020-12-28,12.74550704,3.714170213,NA,0
2020-12-29,12.75982974,3.913541667,NA,0
2020-12-30,13.25398803,2.577531915,NA,0
2020-12-31,12.44439033,4.48106383,NA,0
2021-01-01,12.66734722,4.060333333,NA,0
2021-01-02,12.32635069,4.821645833,NA,0
2021-01-03,12.15632832,5.167021277,NA,0
2021-01-04,12.30693474,4.716787234,NA,0
2021-01-05,12.25404904,4.751191489,NA,0
2021-01-06,12.39590078,NA,NA,0
2021-01-07,12.52417337,3.417340426,NA,0
2021-01-08,12.79090463,2.536787234,NA,0
2021-01-09,13.01365411,1.808851064,NA,0
2021-01-10,13.29049249,1.388893617,NA,0
2021-01-11,13.35780956,1.323319149,NA,0
2021-01-12,13.30936475,1.250978723,NA,0
2021-01-13,13.18906522,1.511893617,NA,0
2021-01-14,12.83419861,2.167297872,NA,0
2021-01-15,12.58771853,2.824297872,NA,0
2021-01-16,12.37114525,3.245617021,NA,0
2021-01-17,12.76676645,2.275531915,NA,0
2021-01-18,12.61870356,NA,NA,0
2021-01-19,12.87369128,2.326869565,NA,0
2021-01-20,13.05299385,NA,NA,0
2021-01-21,13.17948611,1.326666667,NA,0
2021-01-22,12.94660764,1.846416667,NA,0
2021-01-23,13.59486111,0.567208333,NA,0
2021-01-24,13.7728007,0.057333333,NA,0
2021-01-25,13.54573971,0.515145833,NA,0
2021-01-26,13.26916608,1.218020833,NA,0
2021-01-27,12.81621858,2.486979167,NA,0
2021-01-28,13.43797757,0.973847826,NA,0
2021-01-29,13.74782119,-0.026148936,NA,0
2021-01-30,13.58517193,-0.027851064,NA,0
2021-01-31,13.51839419,-0.03487234,NA,0
2021-02-01,NA,NA,NA,0
2021-02-02,NA,NA,NA,0
2021-02-03,NA,NA,NA,0
2021-02-04,NA,NA,NA,0
2021-02-05,NA,NA,NA,0
2021-02-06,NA,NA,NA,0
2021-02-07,NA,NA,NA,0
2021-02-08,NA,NA,NA,0
2021-02-09,NA,NA,NA,0
2021-02-10,NA,NA,NA,0
2021-02-11,NA,NA,NA,0
2021-02-12,NA,NA,NA,0
2021-02-13,NA,NA,NA,0
2021-02-14,NA,NA,NA,0
2021-02-15,NA,NA,NA,0
2021-02-16,NA,NA,NA,0
2021-02-17,NA,NA,NA,0
2021-02-18,NA,NA,NA,0
2021-02-19,NA,NA,NA,0
2021-02-20,NA,NA,NA,0
2021-02-21,NA,NA,NA,0
2021-02-22,NA,NA,NA,0
2021-02-23,NA,NA,NA,0
2021-02-24,NA,NA,NA,0
2021-02-25,NA,NA,NA,0
2021-02-26,NA,NA,NA,0
2021-02-27,NA,NA,NA,0
2021-02-28,NA,NA,NA,0
